Left_Elbow,Right_Elbow,Right_Knee,Left_Knee,Right_Shoulder,Left_Shoulder,Left_Hip,Right_Hip,label
185.20928014495,186.83505601416667,177.92218424761222,180.39456036551755,167.49359158082856,168.31236463925268,50.54807258772063,53.04180945150269,1.0
148.22612448438682,164.24945012481783,171.22494439845536,172.35025662427083,186.1581075631624,193.3861121234092,54.23332654443287,61.06130135675437,1.0
161.83108408891408,170.63588426424073,178.77284403271102,179.67113031752987,185.6936511724994,194.0128980572722,47.011305072965904,50.26147560672988,1.0
164.6930678152817,168.41909840922196,184.63401138794163,185.4378891879836,195.875028473742,196.7668278037562,59.49992329679589,59.78489502602801,1.0
165.6406290899864,167.4466231257475,177.97476004036207,180.60128113298447,190.3390668574401,191.6122762197193,53.30139147249016,53.85399118522011,1.0
167.09166362324467,171.4965805886205,171.2955714294115,172.14751992080355,192.70422106664915,193.33671328261283,57.93443910553152,59.36938222238279,1.0
170.1651005279731,171.4043693590785,179.8765685616481,180.37119113625943,182.95423386912404,183.4532070982964,53.05790477876984,53.24458105969337,1.0
193.3152304369267,200.20519021108703,174.74518207969717,176.60145349240426,158.84307313774855,159.58522375256155,75.14932245808221,75.59629410525125,1.0
150.35192160865878,150.9124130083988,172.39957209148517,174.049162441328,179.26482841903933,185.8171561894129,62.003110720240784,64.05558159763699,1.0
155.0932730161307,159.4312063727873,174.63231811212026,174.95950632294324,183.7958618943024,184.7011928513308,80.3801430342784,80.9882104906376,1.0
169.4187793183497,169.54507980669308,176.77410952351036,177.54909261669584,184.03474281361105,185.86361955136667,56.38592499768966,56.91713829154235,1.0
154.04878505543783,161.9587410725673,172.21928606884416,173.0550888075673,204.6139414709569,205.5535716665585,89.65972159230681,91.52362579659048,1.0
200.32350847453,201.96244984910587,166.2742081630724,167.56673638025444,167.53558734474203,174.00927895751224,58.41222378476986,60.10723485660152,1.0
156.47720381220998,165.74578205894136,177.96011131014953,185.27573558234823,187.2285761619364,192.46421776214777,32.81786849236611,47.55795701090254,1.0
159.5533913577312,168.58011157517024,171.0493299905779,172.69077846502964,168.11691454988477,173.56364057398648,73.69965374803259,75.26020875466894,1.0
165.4454805968688,166.03284129578958,175.2193520427586,177.1148747329701,175.7337632521225,176.44192652712815,59.743667492675016,60.13695928743736,1.0
196.80594699954813,201.94328179722365,180.90116961133816,181.7587874022589,180.2342442770964,181.35763013983305,53.64074544581596,56.67636410486472,1.0
171.25757596018823,174.30920298456417,185.5050856144507,185.61646336670125,192.42650263329804,192.8485247830724,59.77066984553206,60.184378947612366,1.0
158.5110076744665,160.97480992042748,177.19797002474644,178.81586971492075,172.3466058150518,176.59082801932334,42.79392932187948,44.08669432310123,1.0
171.5656136388419,175.03599962600782,174.01686733345184,178.79774058583692,182.9187769669136,186.3588582522877,60.19599003536397,61.65509504659948,1.0
187.23247569957908,195.21576584167224,178.5004308873342,181.41698756875456,180.6908523931521,185.6023160239044,58.43895756892089,59.23788198236348,1.0
179.06537881476694,180.4351583814629,176.90866349661823,177.72163855899635,186.41892268265988,188.4889691035742,63.72472449861159,65.5966780172413,1.0
175.3548922401114,176.94837255719156,173.9307884512104,175.51324606083517,188.29627188613065,190.32575354734303,63.90639842645484,64.72866877325747,1.0
168.58474213743654,180.1912000379594,186.6814934901584,188.22050971264773,183.56330502974245,188.4599697967504,50.56589566926961,50.56684167024069,1.0
167.284035552344,174.62194747842196,179.09784842676618,179.1091102885986,182.4185365245538,185.01009756891435,58.20756522149961,58.61346080148997,1.0
162.89268001964734,175.92006384748217,176.43332630140128,178.2486107811313,192.1193964783416,194.28712271821763,58.16876758460311,61.342359864667365,1.0
186.3344852594548,188.24879969219788,182.6609728095688,184.4418003631384,160.32948094441593,162.16700758569854,62.55342435635782,65.92242991913552,1.0
193.0672851212811,195.1473557256529,181.03078806137648,182.16912170627177,176.431833096212,177.12960182226564,51.74293164653543,53.93222706873304,1.0
161.93475426521474,169.20467865263987,180.2845159568932,180.3112474733252,171.7778730132975,175.87863967102552,43.042142329688055,44.02073765707282,1.0
187.72641584643188,189.92922825358863,161.17812823790553,163.6683906525073,164.0328606365303,164.7387997246654,59.69031445886156,62.02692988383865,1.0
189.9100448915208,194.8205275737268,182.90491025269336,183.98466823083828,168.8564340641626,169.01376807608946,50.41827511589043,51.27866508671661,1.0
172.19261278501062,188.43113365893333,181.5493447699037,181.7847746714457,174.0896634146425,179.1153794140278,46.30626411858295,49.27326100988845,1.0
158.53147634745525,163.4951422890679,178.10833013642332,180.2752868423103,186.91250203621703,188.38260694370243,58.67644243439216,61.333144157610015,1.0
192.32753494849504,195.98528523769647,180.4668175066775,182.39444235485792,172.4583034088475,173.6157939334905,70.7743727046141,72.96838226519482,1.0
195.77115175901315,203.0290765217279,186.43163167011892,187.13501727419467,165.37585202615622,169.791983690065,54.52303306384318,56.78736033266246,1.0
152.4223665989586,155.05989721622282,173.16215915083745,174.9144519814793,159.09840850146676,164.01681989324763,40.86779437674716,43.65654904027363,1.0
156.5903500250997,166.52136170762537,173.0485662077832,173.3201527908751,187.78025996967412,190.59536336562428,78.23321948926738,78.24269753606728,1.0
255.6711619338636,260.65708481542066,180.5894624280866,181.8901315609496,103.028485556682,114.48437692932973,218.59562434868067,225.81462820684044,2.0
146.2683532691726,169.92995460404325,179.337830368222,184.50369938138863,203.34882322594092,255.7324641225656,102.40949962961471,105.83903205951528,2.0
283.3480129628616,294.0646639724568,195.68014953058287,198.979247334547,95.5117262637477,95.77852767401328,221.7637633063348,225.64135257366485,2.0
152.45612191477494,201.0996356337093,168.07654898956778,168.4492173990149,198.2442599135016,247.2278233010041,124.94300496449593,128.8916725180933,2.0
109.1977833730678,109.33277803883176,185.2392025884689,217.4881661134612,257.010800087231,259.1675122368506,129.67699271928902,130.71942387675873,2.0
178.59699606133637,186.2845933687028,154.34478064408503,190.85908119906185,178.42331219691022,182.2491416217062,161.72329293417894,203.32634389091,2.0
248.78070608712576,250.3523361397032,167.53973306772275,182.99383990103223,109.68348678906816,121.84104241221291,187.3509023029833,189.00206513737865,2.0
198.4567121447387,204.75947621341464,173.74890922885268,176.99414544693704,101.7022212249552,118.28860790306952,226.5955042136256,239.91552555645103,2.0
230.86419089107645,233.2965134819432,185.0519378084294,185.12649806449684,112.31409279549057,124.71823443256572,230.11192467594924,235.6252962922289,2.0
177.22222626579483,209.6029681339472,201.6992660803096,217.8795897722869,102.95177872897916,106.61201826934892,258.6490000742288,271.9507304345819,2.0
174.7693264824021,220.86762575257663,160.90288211163607,162.9906103681291,129.62637437353973,187.4590710303611,194.03005976909583,197.16960722596065,2.0
228.2339330182167,247.98183041865704,193.5975132160417,218.4755006961284,146.34619634092232,158.16186793848468,155.2069861512231,173.73177010479878,2.0
140.3859076095166,158.85853168435077,168.36178426062204,169.75282879624805,218.50745191258304,244.4314764759204,104.18226377071171,108.5990946453428,2.0
266.9352813391475,276.2422160624139,181.04388342806195,182.609862965658,167.36015943280657,168.96132911965205,196.4125046184119,196.57855751249951,2.0
19.91696718922209,271.40568928384147,215.87830549442967,223.208284728156,79.50266862922895,97.8834550358066,166.4307878118527,179.3917606244751,2.0
124.49009468930564,139.6869664983137,166.61220036636516,168.87872729431115,216.28539890234407,221.65260569540607,125.77591163197,126.8663773769066,2.0
156.78449865717798,228.3988684023442,161.95021715229524,181.9245396922465,172.89995524822658,211.5255499940153,144.29229203334262,177.07139465595125,2.0
145.5932251623494,190.43233104831785,142.90287010619986,165.40190138838253,153.9670892823114,173.0458015063371,176.0892151499868,211.13100458979488,2.0
221.5256741524336,226.0016930910984,188.3056603536127,189.0079479698548,120.13008018604502,126.50798071768055,216.89269995760736,218.19348534675248,2.0
154.33842710511652,199.6538380727728,178.77151260110347,202.75963624882027,158.846693929355,200.0017990296361,161.74866159846073,206.63035410803872,2.0
147.75845183686263,225.1980311230868,177.08159256680838,181.219688312042,156.03189698237662,200.84264796910344,175.34809685000025,189.60711245545545,2.0
141.96552282789824,201.432232752218,185.1748456961101,201.0257439073173,201.13231102051805,235.31797698587727,147.4627331866311,164.7386484313874,2.0
164.35333208889529,173.80164251413237,170.70707550811238,174.5069525498571,180.2742709420957,186.78895944476284,183.0340086023241,185.10802663841304,2.0
168.12169891201603,173.32997386066037,176.80748007624817,178.68954340070482,189.80079194964688,194.1307701248901,180.59435817970825,180.6396326736773,2.0
270.0826506777787,279.537652044138,177.298959043632,186.48150954603497,162.18253349969348,164.46305914872707,181.5241373160328,182.6990872148828,2.0
165.10775921382614,178.33296495604668,169.38231682643735,174.581123921186,195.86057543881867,211.33478474996176,153.09033615455567,157.67252375567452,2.0
139.71116272243037,213.0226836718749,179.77595944970375,189.1407281340065,164.40314540049633,198.9396943133198,166.49552278598622,180.85770802326576,2.0
198.86940197082475,203.6438075320807,199.2801932143772,247.091154850963,181.4204459887464,189.03976767198483,126.11634066306932,241.02026743641323,3.0
157.02125238963424,162.17457785018476,82.38031877412539,165.16369935152088,188.4933040447659,188.56555523641168,98.83044660222448,111.84826150769196,3.0
170.89548031914455,171.29414356945085,56.28556440820403,129.27748162490195,179.3960290303614,185.0860954301625,65.5165619579499,134.3836459108317,3.0
188.32375828988992,191.42122012825376,197.90561457109047,268.04469708098674,167.7150301614569,168.01162411409896,100.62723701377536,228.9787511099032,3.0
177.79866547177753,179.898150202153,85.36671385210852,163.8277966380161,188.288720734794,189.21338128785092,89.25681106584406,123.1558479335946,3.0
167.77101628115238,170.47576143543589,90.94249047067812,172.82335607805118,178.33124109314272,187.4438187466408,122.00526963601456,259.4118183537368,3.0
192.3093832673248,195.12629005673168,192.4668616190181,261.4991827742698,166.90226360002575,176.18857016209716,104.00990730440182,237.7930531104519,3.0
164.79839533464107,173.39442437096284,103.60898655794789,171.35521459000037,184.8787430525892,186.56290569297963,126.44210483826576,257.6553991629743,3.0
157.1658176543486,162.98316904279162,96.99070750132609,163.1710110989677,168.60890771228367,174.01645044818574,121.46044449872824,259.930696192291,3.0
170.87787113419446,173.46483435092887,100.45697736596622,160.01921559408544,178.51316568241242,181.77457544191583,137.82210691600233,255.24349039583612,3.0
187.83798868628548,188.7508541549292,195.5647077277173,280.12339978885785,159.22269426926565,165.0129270696479,104.84438782697144,244.15755262343325,3.0
167.49354791084693,175.1508722802859,53.53213399719455,138.36727481869565,197.0986903111176,197.1177549137128,59.19689525613958,130.86565086320246,3.0
185.8160211438831,188.3063263641408,75.76818622337532,146.79071446021948,162.6736728071187,171.96565677283988,88.78532812265993,242.9612717203817,3.0
188.62983942545767,195.59278974513543,192.55369413145684,252.02348516338944,178.85245868466978,180.4936957291108,110.64393591306585,227.79066981480904,3.0
189.27493318496192,193.86684487923893,52.11189029523416,230.30685397867472,173.31434038609547,179.8845588932164,62.00772473363676,223.20324524966065,3.0
186.8818410041177,192.23314904159187,101.4570938112802,202.23473553763503,190.76915370272212,191.11210589562808,92.74078205110976,226.519756730834,3.0
167.92459238131096,170.07126278663716,97.43663259588423,161.1744688763131,168.7687563291469,174.30604143557784,113.77361088711253,238.07446792293968,3.0
171.2465898901383,178.64080042794214,62.93185277877873,118.2125204192018,32.1265465402145,38.28354878102921,32.66437546635247,194.80531030744865,4.0
169.39775553088137,171.0682354369962,72.71145107949458,140.76369257799416,177.11149128146906,188.01067372536377,83.76970925756484,121.32997202424067,4.0
155.91860381095057,169.73409275263413,85.11601854823599,129.48472964340613,168.2287489058211,189.4909036958252,90.18035213049149,127.83972767380386,4.0
148.2014301451293,148.8091860702601,64.13870532416635,137.3640875662051,172.16995230612403,172.99059162799804,87.90266369090565,116.98089134373971,4.0
197.90685091724612,200.96468051587547,77.66452048606168,141.2436093189317,161.71202312824082,168.47820161825732,85.49990529248305,243.5457937760769,4.0
195.0453418158419,198.6378814788495,57.711767932674746,150.77089210467187,166.5832804184643,167.80051802338926,65.41449832643379,244.9267694724294,4.0
177.2186216124713,179.40250022822633,55.58630991901323,233.6196508570572,35.265344798551325,40.24658714994355,29.153113948914203,176.2193473159031,4.0
154.90291137153858,165.49641667798787,74.85746624332796,131.537360579706,1.5675844866606723,7.97112828724641,63.607629257305696,218.2262720452628,4.0
146.65753118179416,169.88215794765168,41.28222388989028,142.09545454318285,152.90079501234885,157.8185643289275,71.51115563590479,113.5981029444908,4.0
180.8205306894517,187.9211538465929,52.85988683204559,131.4363431308568,37.97435282989285,39.43888302231509,26.258076556942928,177.44044482071303,4.0
196.1427346656636,206.3135746033732,50.67867427624483,144.47759140021924,148.46146840776967,150.3386691849508,75.7115616525837,239.0231891902772,4.0
178.16546358128215,178.49093285708958,68.7191645817961,227.00953689906245,190.2649951713346,191.6105240700996,94.2231559330715,240.07519586383708,4.0
201.671434155878,203.88157117265587,66.5275744295251,139.1241293895103,141.69700366682352,147.36341515312768,75.04921562032824,236.10274066226307,4.0
67.77530316774713,179.74954776061048,70.45012701651817,127.60399721472258,3.341020061260201,169.55653087751327,92.31160731872026,228.7562473509775,4.0
188.4424269925533,196.40629283381,51.19964963813077,145.14629714039663,189.0511279605406,195.62358776456185,64.51800377143965,238.2344160210167,4.0
156.55677727286567,168.59382917503325,72.98233264087683,133.06892696554405,205.419047095909,214.81222305256352,79.69602841264326,134.0962469924043,4.0
164.66049761376095,168.1852130562842,109.09086579781008,169.02195344009382,173.09432676865652,179.25666921434586,107.68040188770684,238.83517120822532,4.0
195.7713783711892,199.2747427701136,199.4692214221704,260.6167267832156,171.1668503643363,181.81650140809825,103.93377037711603,235.2496120952553,4.0
165.6395669639239,165.97804193014406,74.9388913339158,140.27016225701587,165.59935574945976,170.0668812298281,84.2225102374827,128.12572574089566,4.0
148.67222846598014,170.5519267341718,44.172739521725816,146.0430112471319,150.13678477790833,152.99698594702446,76.5257700998155,111.37193316773804,4.0
137.79721768784617,144.27542920037558,69.65724830431635,106.34923124436648,152.7830791458334,168.63766261402546,88.58850824857299,129.21177875154112,4.0
157.90517653129146,161.16046544476927,55.63721312074507,139.76716395669513,151.11193447176524,152.38297071637697,72.33827562978135,113.46951054699666,4.0
167.4523543110341,169.80859031766263,87.81246569798857,165.04779418512572,163.8484401177949,168.49367290254293,95.85480494961912,118.36520267746816,4.0
149.94493963626664,154.6482582066764,86.16956393115112,112.12714661293866,187.0660173006265,191.8125904839127,110.11473178948724,138.2385984947027,4.0
177.20600556466653,179.34904998913763,67.82484061378803,148.92280285195434,20.39660154401105,25.519688949214565,64.23198206267868,123.29589141366144,4.0
186.8795193238868,192.3947797826505,63.19522278743188,138.8896340206104,191.71888992354764,196.1232942656603,85.16032731012504,242.0531506160827,4.0
171.5563969249855,201.9571777774768,73.46243371412804,75.28064929305013,32.68721950163236,53.24899759259184,74.80006485052829,130.5846705610363,4.0
190.79078994902216,191.06656435710028,68.75044603403651,125.27149153450196,198.6137387239172,200.65894735519475,82.97921683807391,228.5431148817748,4.0
175.23029795774156,175.77758482042523,83.19187558863474,137.17543783878295,198.2234479107712,200.8074619411132,80.83870198931768,130.94125685522488,4.0
199.5734926783653,199.97944463462525,78.73086239167488,133.9897048065546,173.70052654232686,182.7745853965716,98.95549948267804,245.4078424133897,4.0
172.17220022198276,175.43049636169417,71.40465784563999,138.44029724771204,177.628010790926,183.1276860176129,85.14050845361375,124.23838997005848,4.0
163.78345071590198,174.7340089664228,65.86027981217966,141.33637955560044,72.26503867568533,183.0114664936794,86.67097222326359,88.29356128796479,4.0
193.8817453276628,194.488025483122,92.53942732517233,110.06960120196582,0.4513983729359683,8.846128699120465,94.24125401232584,156.52475078219416,4.0
155.38040115271374,170.93690951081845,78.48282398411962,111.50337642183032,58.90322680133758,171.64497714612534,108.65597010155705,113.9609294559226,4.0
162.80878555088927,180.3797645909487,90.53064509431267,156.76712134909852,167.35067697655623,171.49342221834524,99.99416110532948,110.80446316326892,4.0
148.60738981426098,151.9041095469423,55.38312519716896,142.0147457811113,171.12777782259604,180.26154165245367,71.26588758766151,123.97798527860245,4.0
163.7811576929259,168.0076651421386,80.26410968708798,138.9296289256874,195.5694444565613,195.8880587458623,84.57362771250486,124.60161557155448,4.0
201.88148535550485,204.0564664624581,66.09212269950984,140.7610536438358,144.86477449689284,147.81915078993893,73.38909954800555,235.47114255257364,4.0
197.5939434454424,198.8127916446826,69.10023919957332,141.3536858543814,163.91425462618471,171.50932264706378,80.86167931553523,232.647104881141,4.0
145.7191780667035,159.32494859429093,78.92078642162326,133.37430197726505,191.4353164513575,201.7754062572809,85.7568066165578,133.50898489044206,4.0
197.95614072876825,198.8849979346685,56.36346678539976,135.55193383170723,179.09310693700786,185.7845706330888,107.83530128631732,244.60942693904897,4.0
202.51473063538583,208.2071958093603,66.62929193272105,144.48615409687153,167.27731556358822,178.1333562951487,77.8776805675403,239.5148144357429,4.0
137.0306276187266,200.3178350827243,67.79539052529898,240.1253653216716,197.32422203357152,202.56561065839344,113.91556155607172,239.9127371976309,4.0
195.1113977930836,195.9844361809533,70.18979940865567,216.98027719639776,169.4604549117766,177.64876497905482,88.43340390113752,242.6293222081444,4.0
161.02100104291966,164.58938477551985,86.18301972238922,101.2918989996167,181.9327999819997,187.7333785976577,101.26334633994998,154.6685605476863,4.0
140.1763364001564,208.8775180087565,70.24653895751868,123.44912523940856,199.7122416262806,205.36459949409348,104.1428027255014,244.107917395419,4.0
137.10730959304473,145.49896695528844,61.47261418282045,105.72609330784248,155.4488203493982,163.366115797565,75.20995537614343,132.68149607942698,4.0
188.4817158186653,190.99585148960347,68.21724930585869,121.0229363104715,184.4321212998184,188.3326676572424,92.29002552791412,233.90430593778893,4.0
173.8786170004988,182.7026647940152,54.41075348000954,118.7186124957779,142.64704702858697,158.7999964316977,66.98807961513513,121.19310545523912,4.0
216.03574507485823,218.27060944681807,74.18244949638358,121.24806156253656,26.42464035260372,31.575079615711715,83.64337112108164,145.5550135368876,4.0
155.5342355040635,171.7008678131276,73.83317604574482,138.30729765819186,178.82098157988986,184.5958411840675,89.03797740487605,119.46762684648988,4.0
179.4155076182386,183.62138496269347,182.5675293310796,186.8255646065614,96.8553163257619,99.11995891969052,88.32378067284282,172.2372524932514,5.0
184.9704985718224,192.85076508963093,173.15429582004154,186.0583890115129,84.68070666603951,101.82974883823658,180.2141654720664,251.28235013120064,5.0
157.46128170727533,166.44214196291844,169.92066232757256,182.39142784535537,272.4204441392513,275.2090857620218,95.37845306540557,160.03801040164495,5.0
186.3800000918588,188.7446991033542,164.3027155563547,193.77920408851,90.2809370651495,96.5180564906364,79.57554078700488,180.93750624112025,5.0
186.96428050478468,187.135115658921,181.88766335721584,183.55636722438456,62.52007452912734,135.47809917572445,41.21797196449336,156.3563206643975,5.0
169.92077679212724,177.62019307753403,166.6889009156922,173.4747773759001,70.35237708057262,235.11259540281333,71.27498789329458,168.88610638536454,5.0
193.73135824771705,194.2339344812584,173.40097882212086,193.5369860333127,85.5881504216657,101.512340343527,81.69568516239792,172.59873483971313,5.0
202.5992745536749,203.127562346494,176.40918405905856,181.3172695000997,79.62147372979672,95.9043648595465,79.04822478329679,161.47727315834453,5.0
164.61970794666,169.34398506316734,172.93465367896704,179.69446575101892,258.95794297626054,274.267679297188,87.05639499055168,165.90449885353047,5.0
170.56529111117413,174.42328158037552,177.15353747893653,181.72323905793195,83.57632324093592,236.4002602213747,58.91677175980969,170.89469885790905,5.0
187.42894967415705,195.18642536817228,179.36857781061278,189.4967371089328,78.91380121500733,96.45711054019628,161.4186678227928,266.869675654109,5.0
185.43972873960865,189.4108246345349,161.89614581553434,176.75296628538334,91.43007764478811,103.48094292556912,76.78710309007553,171.24081371192233,5.0
183.6122691772591,186.1974622292344,176.64433505002174,183.80962350815284,87.43747959901796,128.82323132722735,71.14100718812296,196.889197535786,5.0
162.36704285758037,169.9478394102748,174.1419304420303,178.08998960998514,76.78169183735504,247.57798978823763,62.60225238527491,167.77439492546694,5.0
164.64325573140238,167.92406780307692,176.31581661132105,182.83356613448024,261.9910221365749,279.5031230530326,74.37604098898125,159.86524366311238,5.0
179.34483703303914,182.5960271694973,173.82861509533282,181.27600395018652,68.04952088677038,132.7296417108682,44.76100500497256,171.11680941877546,5.0
191.09920815402336,192.0553384771644,180.84706504210027,188.893931988005,75.27229903479736,124.43935950533852,60.71847814688047,177.24664026844687,5.0
171.67415776585506,176.79214797774887,172.37196491468984,183.12107850901668,253.92384319150392,266.1241636254806,98.97719959184332,201.0639945713376,5.0
182.00161637651087,182.5898316464476,176.10969346016475,176.85102221408837,78.37567734807965,126.79047926502447,58.37218864201324,189.1391657394788,5.0
189.63865230339647,190.80606924437683,178.11934347423912,194.991506263918,79.91605789710613,110.72657041089288,72.57512574650491,207.67892166687167,5.0
189.55239920488825,195.612108981918,182.5639360106028,189.2524880026802,79.9439689450287,91.74616415118469,85.16644171432422,167.2188734620726,5.0
167.35968409232066,170.30851220399126,176.73131268123063,181.42779252198264,62.01295962394671,235.5649137059025,54.07353257143313,170.83296153726363,5.0
164.6260808069918,182.0522910865437,178.85650276124022,179.40990736712283,259.0982113792975,261.1351436550253,96.53462864804632,195.4318855073348,5.0
186.5386541195392,189.26704624414333,179.71200578779866,185.61057456595967,90.33667895172098,98.31056503457224,85.57685445222556,167.523939812654,5.0
168.75982358624898,170.1394360257443,173.34455977864735,174.74799401680116,69.50438798216811,235.686599085976,52.92175246941868,179.51171137498417,5.0
200.9818219110064,201.2839165992449,166.9981653115858,174.44313049454482,94.10968251506245,107.53857521833488,59.16699102923546,183.74290804417296,5.0
174.9793906950444,178.6312472408423,171.88681173668024,179.53886383670516,74.36094465596278,233.96152441208173,56.77539452068149,176.6181356619569,5.0
183.9461117035064,186.6073186933016,181.4724513115408,181.62438166695287,78.2128554450155,139.3242734253227,62.94874436260519,191.4856254219682,5.0
166.39652609906,169.26205131798295,175.89194343296074,177.06242220059238,78.00020853994177,248.95066283690264,66.370173406656,179.83429461778223,5.0
169.89529776175593,177.36190874544636,180.8502812734528,181.51065830774343,78.81820886022051,241.18126907183893,68.45092066454926,177.2680054090187,5.0
171.7143189762467,175.40247147181492,167.72486317218772,173.2561512691493,82.80598458807738,235.7108472575273,60.78124926134356,185.2068712789744,5.0
163.70632049592356,177.54106699299683,166.6005109849242,170.43063296915014,262.2167785239912,264.5499666945441,79.26489605046496,171.35553946831166,5.0
168.3128932959493,177.7082214182429,171.4709976370336,174.53558953282564,73.06177919782546,228.698125728036,56.34769506354613,188.0174900568654,5.0
189.07544373907552,192.71155452687267,178.52029851808658,180.5861696625335,82.60446131863422,94.87756868224658,85.67295358023893,168.5682335634289,5.0
186.62251044649256,186.99330947400009,177.53215975775788,183.1372786314249,63.49452363606176,137.21659438488047,40.10483434734188,157.99168774475007,5.0
181.76554102529937,198.8389555737876,180.0397606639482,184.5319661395576,78.65642511546851,116.19819892229476,64.03069504848933,192.1674227618592,5.0
176.93725203013142,179.54187628648046,172.94113067916783,181.78168328604505,79.48984272982997,227.6832778179375,56.57897504664092,164.99911923248564,5.0
186.4771723058794,190.76523358813293,178.62009685523597,188.72046870972991,70.51239570528755,123.67415596436165,58.04061479027379,211.19968624576768,5.0
185.4343050558855,187.93985691716992,187.1985968077958,192.09492780281383,71.32074696754613,123.24634073934436,72.24442893056235,187.7695866325252,5.0
174.36250170057224,180.8065743185295,168.41671455743707,175.82503668552675,243.39742421614363,258.79378836361326,102.95133860832657,202.9380134623974,5.0
163.6002442903078,168.48802683811715,173.1816346970349,176.2505112649076,247.78583118772085,267.5012097143487,75.63465642532272,165.48181890467825,5.0
146.94836839928593,177.1911779378262,176.60206526359897,181.1562886971639,12.804232948695455,117.0476430058404,57.88222508771232,191.45798489446332,5.0
140.19959392844282,150.51785965711875,110.99475402153108,111.28315169708456,51.3459732152001,57.27077256707985,43.03576022982951,43.25769951958301,6.0
172.78666383909157,174.01417311925718,106.98558918652344,110.10522242473203,44.6623328152548,44.8478785151351,59.18671209259448,61.05247795111734,6.0
163.5814699672667,164.8336735773409,242.19954078999584,244.8225642413313,68.52432467241096,291.0056418766665,40.85370722259567,41.80828894159068,6.0
168.49970841265514,170.9346022361928,109.19955302547947,113.49807615638778,42.61265017475365,43.68422068546389,60.3973072970152,61.00572129765362,6.0
160.74352672824023,161.23304222023282,239.2717655559944,242.25860396522177,65.22954650879186,290.6363707658619,37.27192078872989,41.63196505301757,6.0
160.60370295155613,200.5952143902503,81.56431221281883,91.51323152851138,53.8132624221235,56.75289091755592,24.23946052292213,28.246440661095,6.0
144.90857713467884,170.3400116005676,93.60809810561445,97.55359039428224,44.03723470334442,58.35559567934574,46.60497507488329,46.737612563196485,6.0
162.07814616100313,167.9361016035578,111.68326045309549,112.70971384604684,38.574719259810365,40.60223905567438,56.55544796009209,58.35126627274023,6.0
118.58449963647436,160.95379769487562,188.2305812815841,189.34202465202057,212.70567840714992,216.1910990679944,70.87113038517198,82.96794423387166,7.0
106.03664675543996,114.52593581412374,179.0498477042097,180.98282955235595,180.906682018892,182.33340156052853,45.47860070081315,46.76548618958264,7.0
202.5539582517104,261.6165265979779,165.23015838243924,167.81450216129372,149.9608439642467,163.79738713111374,57.093307109029055,64.24279407784194,7.0
90.98298264983396,232.4914987145436,175.88949175242468,178.41247777844973,143.63433098035657,147.2871936820565,74.15627492356593,75.95417404099156,7.0
100.39913491942325,228.54931718257856,175.49178572612163,178.0862055085466,164.96908696400033,175.88285718521743,53.53290370357441,59.4877826077446,7.0
77.73622305034135,88.62220389115649,175.84517542978298,180.3356913115491,163.3829531521892,168.20635153096163,47.77827295616801,50.65308289120718,7.0
231.43433619812964,234.10084854882527,180.7814392334194,181.38305936143635,183.37034087786995,186.12329835063136,40.32204096788698,42.87544038413108,7.0
219.7023004236499,260.43791884735424,179.2216443614405,183.84890834207025,152.57986887277187,155.93142039902858,56.726605627637625,58.087271128836015,7.0
116.3868718155241,137.92961294266314,174.8040675885416,177.4895443816634,196.3715348689453,197.304044165356,45.84038455752615,59.579503748002864,7.0
105.64554482199831,142.9538914554539,178.54750068849418,182.5474789501793,191.6427458801696,201.16103725355805,53.953524150646274,58.792789920429335,7.0
99.62578495743536,127.2905435362483,182.9809992097519,189.2843937222592,190.4817714251749,194.2639161658965,51.9857674953722,54.43213081815883,7.0
110.29816387838233,151.45386934321613,179.76564892372775,180.51336061486384,199.4745421088428,203.72020547325928,64.62291822402791,65.04913312969332,7.0
81.504077678053,99.12114956214384,188.8942293119402,191.0000748621472,205.57018365629744,206.60328844180583,50.62606685799735,54.02134808355781,7.0
107.0976310062077,132.52996559909988,185.46663962543724,186.3416998856713,180.62946701094123,183.79930729757905,43.2246285940231,45.94029977150639,7.0
103.98226515319575,116.1048691030524,177.7814813717144,177.91171304411444,191.25380912230293,191.66279244903265,50.36069156500468,51.32184656278661,7.0
106.37969135427602,125.19528196875038,182.92760876390807,183.1941188169432,178.3043323515187,186.90466773156103,50.38725194555877,52.41841000032384,7.0
100.80117443479716,118.49337942336352,177.4621579971292,180.30891565124764,188.9007497462933,189.8576443455337,48.91565452206458,55.23487537158147,7.0
94.14299039820766,243.702243577216,176.92205908086555,178.06102155484197,160.20014381905378,162.62457462535616,57.17607304250253,57.48468357406864,7.0
114.107141505906,124.7349267693936,176.03836741088898,178.37249504930753,184.86112932127145,186.82174887446223,51.01203135379682,54.4420524892879,7.0
106.90624693376049,117.5384280826906,177.1456307882464,178.74665647905636,189.40965003406785,192.1265567470033,57.18881820821498,58.44396710738908,7.0
110.28546529367462,129.88524365052157,177.8190472226087,180.14389911935865,180.01355899657793,182.4993507382416,54.085862363482725,55.27897008868246,7.0
165.0393275725527,165.59554411905327,182.76470506717143,187.03468642808167,189.0162496632615,194.14122040742768,44.99355096611776,51.71301028654702,7.0
95.402902559036,104.36635246027588,176.58280368385903,176.8890244316906,183.23447293794985,185.54277200168903,49.30135113023865,49.42467861095913,7.0
112.17124391865192,236.09685163885464,182.9382789493784,186.21464301898675,179.01869123294875,180.11384740889332,61.239812957291925,63.25251160245406,7.0
141.79429669891468,146.9453261278891,183.53951869118129,186.27979185616823,164.98908231746057,166.8903355866618,76.02945800965107,79.31190381707891,7.0
111.75277317848882,115.80391828162534,188.492840563037,189.9844002426773,184.0845726464365,186.7539288273946,46.14113818586036,48.72606931913609,7.0
237.34300526134905,248.7530188169652,174.51145958415546,174.8926727466757,169.62075873593432,169.98667498626065,39.20192220986837,39.86409428816266,7.0
96.57930386662748,117.34103665733323,174.8070533627211,176.76858975142247,186.28672418755727,186.4095222112145,62.770600261643686,63.04280903454577,7.0
72.9927081911334,85.03321711496564,191.9655214404497,193.1171176922841,203.9795712196114,206.43747265544872,56.10910163949576,56.60724141436717,7.0
166.10207038939183,168.1531677229671,103.87702670467009,169.69555159532885,166.7841911361215,169.31863870934674,138.9738403111824,261.73187709900685,8.0
194.8076639933873,195.0229238144547,88.04028017354989,209.1328956792367,173.25180735083194,176.8769084324311,89.16359197853582,218.7075731052007,8.0
171.4278255199155,182.6579818017286,116.55603864497483,176.56898256221618,178.27254395475438,181.0242843061841,124.49315382915417,245.14062578474943,8.0
170.87787113419446,173.46483435092887,100.45697736596622,160.01921559408544,178.51316568241242,181.77457544191583,137.82210691600233,255.24349039583612,8.0
160.28211856296363,164.93146597685728,103.824665638811,179.33923522311176,200.05597958021264,203.73711264341657,114.60568671723944,238.3894584082508,8.0
169.50037894639956,172.50734786653896,107.14850180122303,168.1100414127314,183.5103645923128,190.85326878322743,134.9725227392424,251.3694721963518,8.0
165.77639673907726,171.52540690174692,94.59935327149375,170.87676551081125,168.30171590484656,172.05587029184738,93.40091330754692,122.33626766040032,8.0
187.079605613608,187.5945514527397,191.3087365634724,255.27456144942624,165.13632010659148,169.83659928121224,111.89869119820474,220.60549250113203,8.0
177.79866547177753,179.898150202153,85.36671385210852,163.8277966380161,188.288720734794,189.21338128785092,89.25681106584406,123.1558479335946,8.0
189.27493318496192,193.86684487923893,52.11189029523416,230.30685397867472,173.31434038609547,179.8845588932164,62.00772473363676,223.20324524966065,8.0
158.70152896694478,206.7296339539979,15.61874319985542,17.410121482284485,33.42231042703635,33.81030733427949,70.04180657285461,70.3498961933242,9.0
180.96774238796985,181.48957055116696,15.386126287562432,15.43185873106234,0.2764196373955073,5.895172228058297,78.58851607519297,82.37269801193665,9.0
153.10583168917617,165.06974354982984,18.909297709503942,31.16954915522087,317.818539184819,341.6541633960959,104.9194166724158,110.03306142906877,9.0
130.16250218771904,139.3008081775774,8.706868987466125,19.344120324353195,182.77600638399684,186.25710724492936,116.94812779147168,236.64755761762865,9.0
167.7787331382163,190.292907248682,15.776769148012514,18.42617853095145,0.4980544220607099,3.34052676950316,73.23604086604335,77.52954034481463,9.0
152.59908765454836,210.2254070263804,13.052155877308476,16.714911554811664,43.84476404240888,45.96792596217463,121.01314813378336,237.9728636004694,9.0
170.73709121399654,188.05011306715127,19.452762859900965,20.069374973710605,2.627398836589968,4.551183858572638,70.99970845042613,74.9712143873987,9.0
166.34677019732783,192.1838966356666,11.782918639372422,13.573376849346207,4.340162863242197,4.55224921282806,60.93836215363276,70.02102811371219,9.0
170.52410816284933,187.7555324583411,22.352974011168925,22.88014290461137,15.151731815578378,15.799641292849117,72.74031466179831,77.87285470910611,9.0
177.0557164811308,185.54102600849288,11.326452409626384,12.699314063635237,0.7982515393451237,0.8819022936784227,57.67107904601468,61.02397602698018,9.0
189.2237332559449,195.6931818855565,36.14679568043376,36.1507684064773,32.31454447168355,39.79489812189042,113.29363666559256,120.30234686932444,9.0
169.0318860879076,191.52052431167016,15.572530527972946,16.375529045186983,9.081205060464471,9.657482963059238,74.97010712823993,75.11372662502609,9.0
170.04488324189143,184.85444203992665,16.2174410478134,16.8157505907378,5.487548540086315,5.580699400492925,79.30052266009015,80.17489358269917,9.0
169.34815433265936,192.508332481769,14.099789581959316,15.033394546154684,0.9997498050808948,4.94148614460062,75.70057987216019,78.33977340501498,9.0
170.54185602723044,186.919569223586,17.29723666015346,341.89716683092405,4.856211920430269,5.530154553329263,86.26992930578085,278.1175995653013,9.0
154.77011233568382,196.85322739646568,14.190003524602815,14.426520053238235,10.226522850133463,11.181617890218996,77.28232531538606,78.01613726210826,9.0
173.2959908870612,187.75601735841067,8.947523490482604,11.408058075204924,1.342646185850087,1.8956796137389629,64.23740180736029,66.86516487816336,9.0
169.43916135832043,193.74959254007533,17.667007311819145,17.810861926827357,5.464369594064857,5.705774683211347,62.843020369437305,69.72498183852706,9.0
179.4080196093774,183.8588740378484,16.801045229970413,18.902711838641206,0.1529120809815441,0.8159645736571145,71.80997833671113,77.95756853314295,9.0
165.0751804322543,190.76470712278763,17.90987708975594,18.13713806563741,3.598693405445015,5.224639494802635,68.21056505250941,72.80898110715793,9.0
180.6654613501811,182.131930706162,20.14273291582284,22.031848983488047,2.1204498835447727,6.171989139357404,72.15181872373408,76.57394613396923,9.0
158.07855046524435,189.31822524699788,29.40431788126629,29.680235460386022,6.73056558811509,7.3454537391672545,79.25261408391765,273.315508601104,9.0
181.1956248258741,182.7114182556547,29.26332502974336,31.934441923927395,5.193531921214535,7.325912614975561,55.457271824898655,56.55201282885343,9.0
160.40045510025658,196.78151768819023,14.488566605566936,344.9169827929299,10.544536172764412,11.805000404623977,85.33396114713065,277.02116109874754,9.0
162.27091566543734,193.88962729396653,13.389399536240688,13.779882527208564,4.77501957731451,6.214247247273199,69.10886800943992,73.7586796707364,9.0
172.58440439609822,182.9449317441008,12.501892182193888,12.843483325243444,0.1944808443543245,1.943000492264739,51.50201053252931,56.3620505656269,9.0
107.23914075701651,230.2548171300305,17.29932085144609,18.561804252658376,28.060334856041628,33.999380581354494,64.6951570124455,82.18613039891208,9.0
164.49886757956094,199.9642359027501,19.13560890611513,19.61663673987435,24.11702487815969,25.57147263331005,68.07255233539735,68.67255969528463,9.0
169.15664687094383,187.9337836324779,26.20696298648247,334.65667309952244,4.233661298599406,5.421061764223988,93.53641050790414,257.8081698077929,9.0
140.1939451476775,224.0708280492556,19.85844409620729,19.98161317636035,18.53991523839264,18.55844495222574,78.93231804504484,81.09588017866403,9.0
127.67556239471588,226.7041103189396,16.00234355590716,340.8031321704567,25.908784471919105,26.568021300962847,84.74639870779043,275.6130787948148,9.0
172.84353897012394,196.58943506864844,26.48709107575792,337.7399008140437,4.045157379318524,7.985459692391457,89.15875176011214,264.4265414565882,9.0
158.1949568399845,199.14362405988243,24.00383648311384,335.59524680134086,10.057159388248657,10.281032453717796,93.188825555013,259.37212440507284,9.0
127.67556239471588,226.7041103189396,16.00234355590716,340.8031321704567,25.908784471919105,26.568021300962847,84.74639870779043,275.6130787948148,9.0
174.86642558844665,191.61185012722424,25.769714077156888,27.200231794023267,5.704688257593774,6.142728266418831,66.16156506655149,69.75957463873586,9.0
170.9185644240461,199.5856298486429,21.81597860273818,22.234658176702936,5.924508046542419,6.6165745320752585,73.26604132645869,79.22419922195373,9.0
179.90345212987214,180.3700932700759,42.19543558812167,312.7517734841033,0.6260578036243579,2.037618556570298,98.64315121508204,272.9269290121006,9.0
170.66011606350915,185.19098636074403,16.904669973828497,17.728458577998754,4.138640695581293,5.855786072258509,83.65912562911286,280.88635430681904,9.0
156.96300616653753,193.67613264148744,26.44591265615325,330.3103491994613,10.533855927849562,10.572302558287236,82.8606615556111,277.63687032631816,9.0
155.10609248104217,159.30310795177726,43.73554585828047,49.60285628013116,271.7949491070091,281.2518561778391,18.78346285971072,23.46096003156676,10.0
150.3380673378318,156.1826975219006,41.569518301424026,48.13088361659619,267.8561347748192,267.8890669937665,25.22468579351316,26.08071389287169,10.0
157.98200593917002,158.79576523366555,48.49926039089,304.5934244020678,273.59347599346654,275.90449278452434,22.634928894578906,25.83392440193433,10.0
121.28417562057568,124.4616326253676,54.794269695512206,298.8955730153746,281.4278152609834,285.539194522987,14.570300601140955,18.124190559023745,10.0
120.82176918507344,129.79142052964283,32.79904131475539,41.40849145959702,284.736954959868,292.8837083693309,30.164145137789884,32.92801707686852,10.0
149.572759865113,150.49117225748327,47.17532624286625,51.72599688755496,264.91569231971886,268.2040063404441,15.918707930857554,18.44366815021841,10.0
211.9311047747848,213.22891316083897,53.208644725649606,57.532643564531305,82.66191522800813,89.64980941001521,17.893849995757765,21.65917947569209,10.0
166.77832314960338,174.69350826259375,56.40168847865824,61.783586260045645,261.01951774015043,268.09951277863,19.935176875660133,25.64108630942433,10.0
158.07827207506256,165.4440428247285,318.4718840991512,327.1872753042849,287.8706135496382,301.7944006552524,8.893878032856586,33.754053407668735,10.0
213.4279359653252,218.3337718726421,77.55748806747317,87.27825170303329,74.22424477843445,81.80643671720003,13.829110069638547,21.44507185794566,10.0
196.1818224673184,204.86377418722225,44.75608962890589,49.60097683671805,76.13120596996502,85.49341311973974,18.044379171047314,21.722910964923223,10.0
153.21939119107032,164.714354014458,45.810919763456376,51.91691719535773,267.7061107472101,273.1723533149283,18.19686430079371,18.72468927983284,10.0
125.9251779817874,126.29966231045388,49.73184316731784,52.89886329593367,263.45924527871966,267.21507846357287,15.627308275147508,17.758672762504027,10.0
137.57839376070882,138.11077888419828,46.053715380829686,53.39643793232935,271.91336158057123,276.22341215770035,14.592445910054815,18.439863610926857,10.0
145.30819080330969,148.47384903015313,47.39285454658516,51.6909731190374,265.71077324885266,267.3052511079866,16.783349285770882,18.116651841986823,10.0
163.77062467754882,166.19490213349522,29.53068722683743,32.811005079211434,257.5147983894934,263.6934988459317,9.106977757740772,13.01666924334223,10.0
147.63691009046482,148.11922154703532,44.898575033502894,304.5030352099314,279.202187563606,279.89929068155925,14.014011597711631,20.58770646575707,10.0
145.47139969591083,145.55338010275727,50.04538532483715,50.503755075304746,250.1878276735501,251.91660507258345,15.582010109773252,18.745893014240508,10.0
187.65725373987007,191.31195147296475,32.17903920650263,52.82229564180375,92.65419445010367,96.02294090906648,21.70317735394578,23.060529398320984,10.0
241.62658488091336,243.43653161159284,63.44243268716748,68.10257667015259,82.2661299344376,86.38851527695016,26.005929457623782,30.065127790004283,10.0
177.4826604549571,181.83095724321907,308.6275481097064,312.1665320478854,269.9308510470487,274.51977949960934,18.06411146571647,20.646716458944287,10.0
199.6575397193086,200.9716023890812,47.59187500942335,63.248798055617726,75.11756716532466,85.74814170649013,10.673842092697976,26.38882566112684,10.0
125.26608715928936,126.84721753829346,37.857454202157335,40.75253189019028,276.6447702366938,280.6887141972731,19.12411957797905,20.491228812964465,10.0
147.03167666873338,147.4510143259428,34.57381411171231,327.28532725538594,279.37968835818094,288.06957895383243,17.183287547379262,21.51383809642532,10.0
131.40450635646351,134.19324461257182,300.5064596910497,303.3145907139014,293.6934794472643,300.809514856601,15.898654111595013,19.244111416290284,10.0
217.2573731688597,229.7828406019497,47.34594893591424,52.035167592172286,65.76145045062512,82.20006624792116,12.76946240234236,17.28792136911616,10.0
109.66506842226742,112.51870305229949,314.63193176767163,317.6276435347257,301.8500894244965,306.9349226826239,6.551947215869782,7.411769987481317,10.0
140.69174524229024,140.70026935774112,314.96552148402003,316.98623928278056,289.7472632204447,298.32104750962696,17.766209719432275,18.916960934353263,10.0
160.38302891980973,161.21820542044367,47.52017321396842,55.24338842596361,275.21048873883626,281.2482351902035,25.891444539495115,28.48265829819352,10.0
147.14059127569993,149.78901343741057,310.4629805551265,317.8710888783846,286.56325577345694,295.161798742049,13.218314516289723,19.079487378057472,10.0
205.1874985778943,217.52797591584303,53.03927689206585,60.304583194041896,90.58111694602968,92.5567969339526,17.762742639649,23.550956766863056,10.0
228.11930648135404,234.37802819738573,53.081374988364,58.33848955896318,74.07842575798335,83.12022371004046,24.37965446436948,35.04299535393685,10.0
129.06159172561513,132.8392185769335,305.3263771868065,307.8316158181532,291.2649637364676,300.5252467236244,15.34314815705138,18.13236074861812,10.0
130.10837802545558,130.74329770879177,300.20190854728355,305.9628107318072,284.47019768010665,289.4053576375477,9.200941416070114,13.178035845144423,10.0
155.49575771634252,159.03137247499373,48.48045846028971,53.553563948507474,266.8542005831346,269.3552897382584,19.04886070449345,21.00468545467736,10.0
213.8884340757029,217.37118092264063,46.68499209774195,51.70624036837367,83.2014132781609,86.62689740855758,22.350099428976748,26.18734403532676,10.0
231.36197373792783,236.6250449755612,62.98936463789663,75.25003075589699,78.68699517826332,88.4062661471357,33.531395440973164,36.30533468177265,10.0
193.8323073379888,194.56232452511875,62.344970108626455,67.1364478888526,103.9421358042248,110.33753460725998,21.567970295734955,26.854794150445944,10.0
220.27953268273964,229.83641390024687,45.81162507618999,85.91298514850939,72.3416536807809,82.34706326865144,19.823010241232865,32.78945768563628,10.0
226.6251766084117,236.6021628643006,79.43050593558362,82.95324352337086,74.8228017806685,88.01297244119306,8.164555037513622,14.257816691898975,10.0
126.03498666326884,127.9231176129922,296.46912608396707,302.0887008706318,278.9732699047348,283.86101814208934,15.234792602257524,19.89551236657522,10.0
138.89115126557738,146.44130024116183,280.8199541849824,291.35776271115395,270.9649924979984,277.337516080208,16.560709364829087,19.1047758283944,10.0
166.60971706793603,169.5883980412234,285.1745287026337,290.2155003645217,219.88451420514605,228.60950454964927,45.77233884082422,48.45278307181865,11.0
49.21552306876365,184.2856275198236,55.02572533076648,301.8531624136305,228.6729177875796,229.534626248678,40.78504638037769,45.50407606933023,11.0
129.4645671030232,139.34626753759838,293.87706053458885,303.7741296816011,222.64248493375115,227.05089465878424,33.262544645944324,36.76057850330138,11.0
150.23759039787933,151.58695736471256,45.82519277818447,50.22856410758349,217.4112205612044,219.8199222292796,41.22916028531925,42.290755239637,11.0
126.30712298103252,135.17101824549374,295.6866652969182,307.04879262699825,218.3530875185071,218.66346158591068,33.088917564877804,33.40116183226765,11.0
134.989249799063,144.3015107623376,52.26575374791128,302.3287483900585,219.20967500399,227.1181127288839,34.02277128874771,40.62232761753253,11.0
162.77254082473948,168.65630765576662,47.31417661351585,303.8827126520604,205.6483682533828,207.9726085145813,30.48903370809112,31.25848006326564,11.0
148.88084047482295,155.94154623487736,48.74401550578559,302.3530535532058,214.7597488142516,218.12503741552064,38.54702136288022,39.45764738682986,11.0
129.7995541706363,140.57098113868173,54.06734762399645,296.54521234819777,222.5738186582309,224.6103651984996,36.91490740135173,39.634440444354354,11.0
174.52174279338564,177.06467026762616,89.00799457412103,94.76520515997258,61.47433610601519,65.15485722552077,119.4013233394934,124.5690989752974,12.0
174.43890589740522,177.83350093594314,85.78326041125757,88.58853448372794,74.27719086227467,77.23123550080169,111.623186222471,114.54967913088788,12.0
170.53607980888592,171.57962758354873,85.95535527267171,266.2092996587824,70.11649050715752,71.8387748481432,107.7209387423394,113.31978834092054,12.0
172.6175994308733,173.9079222681152,86.43420396914486,89.90693598004034,69.86114532148989,71.27314086382084,109.60004491248718,113.0744254879523,12.0
176.9906650555453,179.74454699714704,262.83564904707043,268.8085332683765,72.29308418938669,75.4160173752199,107.9410070821213,112.20297559892909,12.0
181.71727894549943,182.62340943419315,76.96760759861367,83.67051237059525,58.23535567185955,64.52089463156928,228.29713100470823,236.96560248860013,12.0
179.8933985787973,184.04643468756865,266.97821217690955,270.79894819964704,68.29248971653368,71.91052758529769,111.80483855636004,115.26433815802994,12.0
183.5969073981795,183.9476390675684,86.93443582289362,87.54747667165509,65.41796616796174,67.83692092804517,243.68244169644856,248.4312598208693,12.0
171.32993978707768,173.9802634029215,34.60118698304885,204.84126522934585,41.58060052947481,43.136679897858166,74.09980251700438,133.8622936261884,12.0
158.83624311550102,165.7484073481014,79.24666042712805,79.88940926492005,71.96737848112663,76.6243773342516,104.36026170166888,115.22013749543277,12.0
187.92267759877188,189.02903759784783,76.20365437997263,81.87955418720334,63.27479287242165,69.03113020120796,239.41913482048088,247.9629093192996,12.0
183.1654597593436,186.0007275040629,93.37493868089464,99.11176205800886,71.77246295124702,72.74866650647502,247.1333018802725,247.43138704707485,12.0
171.92087607976856,176.15902372950464,78.8957664280719,81.04278837260028,80.6570628044725,81.4546066865198,99.7249498698909,100.800872801152,12.0
194.7527279068786,198.5209065274551,68.2840153048392,71.68519394747987,53.19467213964137,53.799995528203816,231.52677222711696,232.5123873661572,12.0
167.7852725645925,173.3548807963319,89.0538842816908,91.719751985503,87.81520092348498,88.96734138159862,99.21146922317912,99.94193494090553,12.0
174.7386280325096,176.0036547049961,88.557594727547,90.10270015380286,67.52160316143409,71.02172998010982,108.6803870354233,114.77717040942512,12.0
174.97147773945258,176.2477107680712,86.87604049812066,91.3965140905796,59.99020814117348,63.25133493953472,123.11595349461363,132.03439952785936,12.0
181.5583280503695,182.4815395386722,90.996430779038,266.1972451681715,36.72777920587798,40.297977407699264,119.41331288492346,132.5618879639159,12.0
183.6116122874775,184.8378396304001,84.17817380378673,86.78640118466974,63.13447594383304,69.23928721608256,241.5552998553036,247.65127371368948,12.0
180.07661944643297,187.30633900345487,88.12541162500611,89.71577244697627,62.70381666069458,72.03083985611164,234.6789639707794,239.31153966114792,12.0
175.83326417224015,176.72791766808157,83.15233816050615,88.61327092943529,63.47544424251106,65.56187258265362,115.88806070514134,118.62330346275176,12.0
175.050990342459,175.90612631115002,89.53235514439874,97.19910138596296,64.34922857185995,71.43076892770793,233.30848925279813,246.6654865014207,12.0
178.6549800895523,181.9355934333202,101.19418281161036,260.2528570387401,60.570163701082784,71.3904887225831,125.33976443166102,130.99399990882324,12.0
177.68626046350573,178.0750950853256,90.81420061231664,97.7468519906036,67.44107955977498,72.24541116010529,231.9475083383938,235.2956982067583,12.0
179.59057958774366,179.6625364908805,96.82402771446282,97.37503883947264,52.68749402206427,55.56239897951154,218.43046974411163,219.5885021914355,12.0
171.05562781618767,173.9672668804598,95.4555912047787,263.618751536368,69.8580613417366,74.81357865156035,114.33046349478548,119.89805595259028,12.0
185.54521335691243,187.104996618611,92.54594142818772,93.67352939233932,73.19288161658898,73.33413469502933,245.57753658869527,246.07664309073527,12.0
174.29410789859986,177.8194126602926,71.83615597911597,75.5956652924251,74.8193721870825,75.08407156488576,108.03652326718084,108.27500896296472,12.0
183.4155848466932,183.7485694831125,80.27634243965115,81.39988842492626,64.9306579174716,69.0208943941741,251.79449248240417,257.3462518018621,12.0
182.8585762508108,184.3104670521624,90.46899038058136,95.69512424171188,64.05101334711843,69.14844136048917,235.81895021113496,243.8421564325601,12.0
177.68441011449426,180.93902192501872,68.39438195166494,75.56057543070638,74.05986647346711,74.74484676413176,106.0537367272295,108.52873932129988,12.0
171.38797462056408,179.24510998608136,82.81817893107181,83.45351827426931,67.94097438676116,68.32961447225486,102.98832682621256,109.85328023160302,12.0
177.0231210793536,178.29795441849424,88.47821044236935,91.62268887307502,62.01947870089451,66.17757835771427,117.96203370109316,121.8536336759473,12.0
170.00918721576764,170.90174723385556,262.3410840199569,263.9731703072788,85.72648616689386,86.56644261668741,97.5733364047727,98.15097825127732,12.0
175.34826537480546,177.37138700267224,77.44699835428136,78.23332026173122,66.60728840371127,71.5830530523759,101.5359471361111,104.11439151038626,12.0
175.1738397406118,177.52748207835165,91.15661867346824,93.76635562054273,69.60690739645109,71.9451437059216,115.21580457871974,119.29488531455132,12.0
176.97288044742436,177.28044496547182,77.70238072106031,81.98380088319502,65.40387870624299,69.54162463552105,100.34891099569084,106.46443295842984,12.0
175.80009354363918,176.31971383711465,89.79816706252527,269.03059164398644,71.49715745635739,71.72337195560688,108.02290838027524,108.30137905147184,12.0
173.2959933449488,177.68629712584857,82.72736731513035,84.84791679082467,71.66751438328983,72.94245142640591,104.07255718297102,109.461372323763,12.0
176.854931467216,180.76274338613268,69.9721264464754,72.49387853411147,66.3660324572432,71.69119593127776,109.61793020682546,113.88365331157932,12.0
168.50828602693431,171.5482286131091,268.72053764092806,270.14557857760923,98.44881470834476,103.36964210759702,89.15752933150551,90.9940484687488,12.0
173.5665999273466,183.07756193811093,259.5143902675562,260.5740560195109,65.46575828399834,67.99621810645633,120.04986673805148,120.88914995686328,12.0
181.69734735344187,183.95418522760485,88.81872138604493,90.33860780507123,69.72690683831614,72.452822241284,123.33634227951336,125.62996986747686,12.0
177.3716904404419,178.5855252431178,100.05168262393728,254.1046555714772,65.93210951132254,66.13901789089329,123.97616166586636,126.80099616272832,12.0
186.46065361156383,190.25444207569367,87.33239699316925,87.56457971757928,62.96122859327339,63.24986941162429,239.45284672730617,243.01433114500776,12.0
163.8429072643421,165.77600889686346,66.08554658603215,67.91050061580346,60.70178623051478,65.67221222351974,107.00019046028788,110.02617587107466,12.0
180.2668570101937,184.7800668629318,89.55891277783795,91.4934160652983,69.09322577487745,69.30156306375243,244.4151858961133,248.6434518516413,12.0
169.26856297237288,174.13678813424173,85.73586583891797,91.4165354573642,71.17553558433964,72.41140741903264,107.54127077752554,113.32497317002368,12.0
174.79254875055494,176.8217040794882,86.24591448925342,90.4002814942682,61.21755877344453,64.29825580205797,120.14535975951,124.33087231814416,12.0
176.62900587761777,177.32657703376722,83.18897355218263,87.20576336350352,61.87889988242496,67.69760176095258,113.03832215495872,118.2466834716781,12.0
181.46034947929,185.26605086134984,88.40454034598396,98.16262279735436,61.97694613208703,64.10333250019382,233.9288772516809,236.56938034804529,12.0
142.8595508372035,145.8599891365232,73.07163532943122,75.5074570461483,47.39428529444217,49.084204060272,111.95327163734856,112.82955205945362,12.0
186.12200364173304,187.34818277811328,91.68406853440324,93.0498625334528,73.40761771559595,74.45977084451408,246.83819777634,249.3743244178772,12.0
183.20913501241867,184.5046276972748,83.92710926698152,85.55340925596072,65.83974106302787,67.88982021378973,249.26748228999463,252.92186292949745,12.0
180.20752851783712,180.8691687167523,89.45822880037025,92.7801736962992,76.52033929433682,80.9036173667937,254.95709732321168,258.63898417666604,12.0
177.1716821790136,183.9639715574876,80.11726104198797,80.64802169566774,61.89566520076993,72.15691588217143,101.0878341897163,105.37876500782448,12.0
174.44796569795065,176.38953883518565,80.77012521847797,87.12672419922566,64.8655506668427,66.73154452711806,113.86534857357,116.81347540953222,12.0
178.11088801048132,184.21340936511808,89.05915732410786,268.9991839843318,64.55876190140447,68.60538247393305,117.05837238272126,119.71794443751918,12.0
174.80391940121046,178.1306002186046,80.33630532639134,85.71666903647063,59.70702914034898,66.25733490841064,121.07084848170406,124.8143949960542,12.0
182.5790931933575,183.66840282578,71.42525306641299,74.53753582928545,71.60393236737805,72.1205421580676,247.37971983416128,248.83650363437124,12.0
184.60678558137283,187.18835586813216,81.66458087189221,84.01766520766145,69.2675723381204,77.70502339702227,244.6431485233644,252.3566407631205,12.0
176.15336470855104,181.41928063179893,76.90123718248823,82.34723635909981,65.935491206431,72.52168193546876,237.48944429821373,241.5921904469896,12.0
175.17210429507506,177.5057716304998,68.96232747963099,72.71114666947501,68.76794346310653,72.80424319518367,107.25355911788964,108.58307978991198,12.0
172.00585009719546,176.68360850479868,80.1936912001657,81.25949570840517,80.98526031220312,81.18601537715644,99.16176897534872,102.177030692015,12.0
191.4661880846721,192.7485701154408,72.10998831824166,73.72163167138733,71.38215084969869,74.26974979263973,266.2149664256407,270.61184431565044,12.0
191.18876378782952,198.0013518674845,148.1976447117667,174.97981074234144,208.7625934152475,215.6353253528865,81.3415003214549,89.43197391174785,13.0
168.55127380583764,176.15685326161883,124.80549854120984,126.93345736169624,219.40175938119884,239.06994202152188,118.16178723068496,130.5526345839745,13.0
158.0015331649212,181.7844171061552,184.0458162222436,194.72027551525565,98.77336085464763,198.21156269587112,107.20886356731384,244.8836299863924,13.0
141.29934275518409,185.543546710964,196.4082190247833,223.3267569418865,117.22517085354391,149.50831615327303,99.9172604922298,250.6667791274054,13.0
184.83771805178267,184.8452366236268,184.9197094227863,213.1560231147848,103.33510670221204,167.00100530846086,109.1447133654147,227.67955361353697,13.0
170.34775860901155,171.45246543749636,134.29876173485903,180.46002786757435,208.89866427583908,260.02599699820536,123.19300756012557,135.17447593541232,13.0
174.97519625865064,178.17061072911062,117.0614059616068,182.5789185430268,85.87483215722676,149.46974203426998,136.81886504537115,160.36729981080214,13.0
124.54518779105844,178.9724927325172,88.11102767971823,184.9250340735001,101.43743775937868,260.39274452238874,130.16511962392636,172.3291807705093,13.0
171.45121558304052,196.2407309265828,149.1114144354968,181.0397195932564,212.32329864564508,233.6747488402411,82.06277571595851,94.95166769978312,13.0
170.51779450050157,170.913275247329,188.7558743557519,233.8229500931193,119.32867269928602,167.822174600737,63.84017250962008,66.49916485844092,13.0
147.5641810574812,176.7684881779797,184.6658524766772,214.6024208151973,125.00302586408036,163.60920573970282,86.4396026486451,246.2609238195556,13.0
185.8769798052493,188.74105590688984,150.94953350991324,175.40131107986002,215.25558341830097,218.09902547962835,80.80337527422056,97.31851377020378,13.0
176.00852699285215,189.53075262728808,144.3275873497039,169.4863555146509,144.22290757318538,243.62666438523337,100.41964516046336,123.1000711596934,13.0
140.7881219305936,187.1764438321198,203.5439308443437,220.7997807952515,111.65263711944542,174.85303371679277,114.63640027815696,132.5164911822758,13.0
178.1322641186632,210.73320846803367,130.28685744156613,172.7695933242987,132.63122510228726,248.9112614339628,110.4575226050572,131.43400901331313,13.0
140.17098875284924,192.20377506268983,166.24981340726168,237.7843198465288,89.04792760130606,139.788067727105,121.42069585190292,211.600470074764,13.0
179.0183884053488,184.49555774653825,144.45812864374184,181.07100980909783,226.8193880841636,235.36223182184267,93.92524852645852,116.06550873752856,13.0
148.0295413753633,173.9405062194651,136.22113758696756,138.5370319278374,197.2993468742038,254.24139328690123,141.436596668637,145.60937956150693,13.0
175.64388433332073,177.20597352498146,146.41895845847233,177.0530792084556,135.58109839081686,245.9559842420419,98.51636210620468,120.54849251794003,13.0
137.2362565277972,174.44922316728116,120.6213071493596,172.5193211268975,173.2930661173878,259.57536995542745,120.35401879968336,152.7298940250093,13.0
147.0260359558313,189.0693669938316,179.77384114149038,248.90783337729863,82.23996018356658,195.6614694501936,197.36278607353333,222.6837831837321,13.0
189.24523868898424,193.5302202812363,115.36716648927522,123.46238545725969,204.51163879287813,213.33925109030892,101.48891883469152,117.36306935455931,13.0
181.52879947443563,211.659027091824,115.867746542595,178.14871049658328,160.68455450468713,254.2356008483073,112.70043868493975,149.86608858179216,13.0
158.86263986091868,183.3336262608497,198.8973868398244,209.0038494906596,126.55323747380363,154.41794326356572,87.59057744541992,98.97530868000824,13.0
175.88771175502958,195.8980550651116,126.00191612792835,187.0555337666397,233.92495846038503,243.22707529994963,98.5331222879241,106.3142255279394,13.0
167.03339074763633,177.21043453985666,114.5579816545779,175.49048616373742,72.59909744356098,169.29604870040353,148.73943864268102,162.51932133475583,13.0
175.0102636460505,181.51582918369309,135.24514393558846,174.94804379252545,83.35965009582289,173.35611809349606,129.10945757230635,137.5944336059533,13.0
129.42512989153266,187.7415380266162,184.58912526401363,219.51860943799105,121.31757819221322,179.1061212700843,94.1789797505763,241.13650572796865,13.0
158.5979765670638,184.24772846165712,173.1666360429989,236.03980503136265,97.87863683873076,144.70382156526296,114.36073383589464,206.77324245569244,13.0
179.5017273217877,205.9955071339797,129.2057922990435,177.5095826770026,82.61857572722228,128.66940271676884,135.08283772495142,156.17072310806432,13.0
174.58728335088128,215.191723706486,155.47920394661298,179.70028331922396,190.92910591231447,234.0029696708593,85.56696887923795,93.6968636053754,13.0
175.5755656123499,183.18249373111544,126.67882785632634,173.34379707598677,154.08990287879723,240.532488670746,111.9297151322081,129.12995572261653,13.0
183.8315766558732,188.660327070934,140.00940648838483,174.54560651586178,214.719934238064,216.0901924325121,97.1615462463182,107.25686891210071,13.0
175.78469103039177,212.91546956643563,132.9199711130391,175.77571246830462,137.88952838761372,248.86592746642708,107.13732076747344,126.126434266213,13.0
177.027167859393,228.0326271938156,140.9711121466185,171.6624493057503,156.1904602021701,247.49894075170133,102.91814544690028,126.3968586341746,13.0
158.1520626474748,182.068775576124,192.666102436958,227.94985131409493,126.55831924407904,144.86205446237977,104.06075493817772,109.88056216806424,13.0
181.603203329351,207.79880351911785,138.38830380910602,167.7389735682094,207.85898615469333,227.6316806790505,86.57607067215841,109.2152484437862,13.0
199.4624930264289,217.28737976506247,114.26150411520646,179.97222108110847,115.40767942869888,160.22787792118558,132.77001362232437,136.01612498478903,13.0
190.7960181592248,208.07362122692072,182.9397433878655,210.96351299067223,114.67591231663228,163.71770381690536,94.88431137347216,232.00059166178733,13.0
178.0130399891443,223.9267322852311,152.525095758543,178.86506918670952,174.49443083508564,241.3608070937813,91.01518271289494,117.13605917268764,13.0
147.7114056539382,161.8450690505572,272.7548552167036,274.85156508386734,48.98562705347589,64.80834135795398,109.03254958229223,111.87338857457148,14.0
183.9282228663461,192.9813549915752,259.03510871943257,266.98415635377245,81.87032885543317,84.08684863983986,91.22615043189111,95.57889047605,14.0
171.67885870833044,173.95249138940665,100.55981754861844,105.33713766045308,285.5939056212351,285.8520703646567,99.94363400992522,102.942206218524,14.0
161.15417807536238,162.44945543093212,84.36714244219877,84.38136937995309,284.7970296637145,285.8743898850764,115.44588892181515,115.77465802998512,14.0
176.01963654790669,176.24954328659024,96.5382197699505,101.79177878540756,282.80134815686773,284.82972742852235,101.55852272010566,102.96062492036006,14.0
162.18117221079456,168.64853766957668,72.43542885189584,76.99692276169196,278.6708764964102,280.3825032035633,110.64479986239265,111.67758646711444,14.0
165.7792629142724,175.92979345049142,95.75159460758282,123.54758390300378,278.6731697951001,285.8882205853318,78.95311540485461,97.30854317954083,14.0
162.66491772049338,175.32511901104962,90.3672903303786,95.61164734614532,279.8226007194796,285.27445590434155,100.69914243853484,101.87215100969546,14.0
169.53120660315707,177.197352877939,93.986889409879,97.8483281558937,280.20676599654166,284.26477847099426,106.21376497715714,112.69088370731036,14.0
168.09534623423676,174.58207221554537,95.7663978784221,102.53713909048476,290.04653058354364,293.03707157498104,102.09200384962544,105.7961817927935,14.0
160.8481944088688,175.7324668410198,108.83988312446826,109.48704825093228,283.9251151160764,291.9673466133527,92.56562839912762,94.95211107665632,14.0
170.60328050835847,174.37292048810582,88.8025859818183,92.05341688114856,282.4657100041173,282.5160622396854,103.93492321687133,104.7221693855149,14.0
121.89538359297232,133.42999756265965,262.7778900791604,281.51093037909834,140.4776202025048,152.27330172225587,94.09886835705711,97.5952916896484,14.0
183.02317444979528,196.560867371646,268.37623054127147,283.6259986477164,63.2201900795411,66.28821781880112,106.46019587108871,121.7891351771745,14.0
195.6258680794563,212.91501221067296,63.46124825903132,280.4389601857511,60.10949543081647,77.91004368450105,126.14243120887711,150.99807039214843,14.0
164.5885571162091,176.3080117315166,85.08943019148248,87.24106459159309,280.0613105248425,289.3610875265412,107.08967137934049,107.50275566435408,14.0
182.2213241968272,197.18526162447256,261.1139051350684,268.8658793092246,65.55272248060236,77.3528871118042,98.228226310589,104.58136598389405,14.0
173.72893107074077,238.21140997871385,251.63880869418185,260.00730109154733,86.27208283299571,122.43045312338973,87.58736539412583,92.3065186313146,14.0
173.37389872839648,182.4199181702422,115.41091415823796,124.02344059140314,277.9046213284777,288.6328543796144,86.67538945901849,86.76036201570858,14.0
163.03348955183608,165.39304444660925,80.64635208132678,81.76275232366726,288.80959903607794,289.2568272195973,121.30705565215636,121.50797851265229,14.0
188.53597027359987,205.22788996550835,256.0442666905147,256.578145958656,67.30051264028708,75.10077155060068,97.00836497054117,97.66670135119364,14.0
177.95222559233557,178.0778293411136,127.26695344765773,129.9264555094458,252.4231842530025,253.31940042393373,75.2339517329952,75.34867095499611,14.0
185.66655382733097,194.4269411380988,257.31728645582245,263.4974830872179,55.117663214373785,63.66494916054647,111.79212573020789,113.73909256060776,14.0
78.18011509322383,81.04084966938359,27.25014208071024,132.28146334136076,49.7729552094166,85.36886911698738,190.18809723913824,251.32716603202343,15.0
287.83377265575507,295.27961943369206,288.53716890928337,321.7712510971137,143.1909760129564,146.50275669803304,49.68830347393013,58.331685875988384,15.0
71.95540908409515,103.08367270399918,182.4210920438155,309.6717046724675,43.25306778085891,76.57222581069554,107.41228174962968,161.49151411946207,15.0
95.9233885399502,132.10961699505822,100.46988294515272,324.2172976206869,24.06599670717702,38.650819956576576,134.62549150545746,192.5127952291832,15.0
100.82752241569251,105.6806570677976,152.6472469067458,332.8462488618458,59.08236097902009,306.6444879043299,131.66507482939693,188.01733385990607,15.0
110.085692205071,113.69060166596906,179.51009383579944,306.01553111661804,35.941365199453045,55.20771772754813,121.6312117466573,167.93117530520036,15.0
108.57598821682149,166.09415647214846,230.25407520161684,303.6867581890775,13.19895359647162,18.02791459487371,135.90670600034326,148.285077845944,15.0
61.31718187435501,112.7361537140482,215.437308906569,291.2371723029392,34.24282427673444,43.11027615127122,143.26727675525635,166.9882354127483,15.0
92.94242940699397,205.47664017009447,118.87510667927184,214.7840983931873,83.85712219199822,293.7005215449926,125.62132244704311,210.96338989649232,15.0
78.9601305421665,126.83381091169326,128.06264614781122,251.43993370574512,46.78469735733381,55.566000768966205,154.51062711946466,213.9342811306336,15.0
123.9254563269027,163.1744308854184,185.70371931448977,330.2461478901111,55.4838684329873,111.0578834199792,136.0380557077703,169.79532331849393,15.0
36.15242408184071,138.0612006375867,39.52446880116374,210.33035259541185,32.78904150809912,38.614965092625184,172.7234844830591,217.43707406466552,15.0
84.60960248143603,89.05629719690953,179.59139610690627,314.23719979535474,51.56666277633272,87.55207203750179,105.06267421660162,176.12051693117,15.0
35.00410083295179,96.93017440534123,180.40911065274463,293.8086490570375,46.77328820775902,71.78838426863139,90.16722046245744,136.91954376864754,15.0
122.0079853385604,230.47839659423963,169.45967281513776,329.38971866438,74.69893288150637,295.2252432173628,125.11758556670054,186.21252706475312,15.0
74.99516323972006,123.05623157234872,119.86123061189636,283.3119211035458,51.9733710848211,55.35455994224473,140.63093085422022,196.65851871162533,15.0
78.1795466936954,119.10163073811148,179.271971045008,317.18216382229934,57.68648596717685,59.096691732907416,136.42155166844375,180.0478251454065,15.0
119.23472012488683,243.2379926202934,165.7468550299159,281.714620219676,103.75362690426682,266.89722897926333,126.03131206171224,183.1397336717482,15.0
153.4878850963991,160.24519637386436,169.810142179836,171.9926602688352,74.19560492467188,76.65348195415488,48.24157659673768,51.0759587226088,16.0
170.45355432048186,173.78748691305194,194.32409644065328,199.31981844729893,76.01901642033125,274.4068593126925,51.32092342040848,56.45906128875304,16.0
168.1251871112472,184.5576090678354,174.17382661865472,177.17180948799867,266.5397009133678,275.063051138989,39.52678540918122,45.62897524643245,16.0
166.3527071545848,178.8882447773226,171.22887387180404,171.7931587202942,81.35258045980311,93.61969313883483,47.51352323150317,53.68451655808913,16.0
170.44910784387395,183.0174181745849,188.18507504673272,193.30234623818728,270.6999800204765,272.4322355748521,40.97080779519597,44.68376929464012,16.0
184.57635963749243,185.19920654682,175.53959080713489,177.11931413712097,87.60896021024776,99.37895196166792,45.67530440856445,47.57339289927756,16.0
179.09438663174222,182.3571603510564,171.88992059313205,175.01123525173807,89.80321777254652,95.50434766065338,44.56371548384006,46.445059108918514,16.0
180.45596988722812,186.1907270065158,181.7286207889924,188.2022065131364,93.29041499122243,96.22117796655805,40.1353099010113,41.8987253061513,16.0
181.7120448814708,193.9832025031935,180.9055079933872,187.8963917901835,92.30071172250592,95.69509752341636,40.49373478802026,41.88307233132018,16.0
144.15109139370853,170.05931258082396,181.75216053108167,188.42124037774664,73.48285513600992,82.02995275075843,38.59232451320788,44.86875035242389,16.0
162.05430033627098,173.11696511138987,194.7148106258884,196.38468990591875,85.84772637036453,87.50377594466082,48.264171230387326,51.76465361292618,16.0
166.8643940977603,168.64890097257586,173.08859217585675,178.0323750893725,82.44483503300356,267.41819313141576,34.769755999370744,40.08681601012776,16.0
175.27435579929482,175.9469767648855,182.3272039691895,186.2409029662987,82.10338558983743,91.197927398165,40.06718156976392,40.75007651898622,16.0
174.83855517334413,176.26890892269165,181.10916035257264,185.14376514875823,86.07429238831858,88.3267156300993,44.06593943543509,46.12873136270996,16.0
159.36362455068573,170.3338183004231,177.02160762714527,183.0952033949508,79.71096520771222,92.05134551427288,41.24070533097174,41.66249848905709,16.0
172.05088469911968,177.8939000360458,181.2899001239735,186.9479634637184,274.0988145505933,279.3319378745322,37.98781527838046,44.39389197271355,16.0
170.68437075360404,178.55657155115156,162.88572788080165,167.43305308618685,95.73611159221498,101.69984276779655,48.68038980846965,56.02163378600354,16.0
137.37506658591298,143.7775069508153,165.46786961028482,166.29042459677612,39.19088048189526,87.02667554399466,45.42431747077849,46.92439617107164,16.0
156.16067464098677,165.04606459830117,181.0206085758509,184.37645922085787,78.7467287961021,81.34605285955661,39.78320422695915,43.94114654110508,16.0
144.74489957453815,186.5536614477926,185.22166148088533,186.76970086529468,3.62724034182741,65.88508726667693,34.34267076092898,40.213904066232985,16.0
169.0563273677982,178.13933120082464,182.9965859167503,183.83039367116,88.83677026318823,92.78921052692726,34.33474048232077,36.984778426971154,16.0
177.00458642777906,184.4822800969068,175.28830709458512,179.55703986308666,265.433709921271,265.7231433168712,40.841852236399376,47.47256194663336,16.0
164.94477902537866,174.84309735743673,180.93157051123927,181.25573431633777,91.13475612213207,91.2770872108376,35.92643025907611,38.5069933400345,16.0
179.14852688333252,185.85913016775964,171.87583076428683,178.80303426669497,261.2689617780915,265.703292351576,37.94000090555952,44.62826026570545,16.0
175.22263820436729,175.63641050892414,175.57012571387517,181.09376975316587,92.22402193877544,97.07435506660588,35.84468930193843,40.973787922877605,16.0
174.54517199145928,178.62630550097103,169.00770902900905,169.2131018586439,93.92175370574137,97.89667145698256,48.36551138889169,52.88587682814808,16.0
168.5616207209804,180.5662957929366,189.46329084860005,192.30920460722064,83.94754628222832,87.26195973674913,48.25477183816466,51.08161699940373,16.0
160.2302076549701,171.41077462115558,182.67714675819224,182.79506448974016,95.91932612789044,100.37188633264503,41.53578917970134,44.12916222106772,16.0
182.9458783140884,185.70105218367368,169.74357549390635,171.02955701003796,94.84247647195284,99.26871407898268,49.070896950916925,50.19034583728555,16.0
173.55065737372465,173.74731679661994,191.92095904806823,195.0587159871075,84.47072110318202,86.03260675604045,57.87628627232264,62.546323532258334,16.0
169.85930582936984,171.7652295263204,180.4799972953951,183.30133710818404,89.7248495926983,93.48235519070506,49.384633218788025,50.17858147094872,16.0
177.4399174865662,179.26534897046736,175.21440491956434,176.20108263469757,84.46557061846688,90.2288563987047,47.5339752870482,47.70410023068679,16.0
171.46081195323188,178.928788950108,167.24214410899705,167.95398303347295,97.00193054305508,97.69906961021142,51.016448059934696,54.25007296474884,16.0
179.79521400642793,182.4422064888084,170.93396081335237,176.28669343397,79.00451385367263,87.07706881529893,46.89860017979058,56.299915967384,16.0
174.05704188360187,174.33663231142515,172.60675108348568,176.17315960615412,98.93311967587418,100.62193118083437,43.3836761151635,45.43306986994881,16.0
158.9665642281539,165.18631538599917,167.8684724388879,169.59117424804825,89.40981370968466,95.32115793739216,40.63239521104728,46.02813723815287,16.0
162.15929479558605,165.6326925182483,156.6615479604699,182.7527709464852,164.39262195646018,165.3385678130855,108.60556496388556,257.24633172444265,17.0
173.39439827514025,198.0833020630986,144.8450625246145,169.35343395791165,176.53405526564765,179.04969897934177,116.85037725923571,272.0499866908358,17.0
197.95300218911487,203.07832491872645,161.9966042132881,196.97589647564573,0.0970671432452867,5.415425313739337,109.75058211266366,248.9358160104597,17.0
143.0089890606091,195.91297859422204,119.46196152962511,187.76562549837024,177.29376251939294,180.13751915839697,104.58537907511068,251.81878419421523,17.0
186.42248135560223,187.79506269881887,156.69444836307883,180.0132030159552,174.28459163539446,176.36228963229382,94.72457531016222,241.38466277364728,17.0
164.87150010468142,166.8724610346768,160.01553902260497,195.7078601160532,178.0533429771439,186.4258819028761,100.45306455489076,231.6138576376437,17.0
177.22026235940294,187.3706859503277,156.4003838538183,183.08405902525263,182.1566122752675,187.3193133550046,97.29313643376776,251.18033398751425,17.0
164.16170111980878,172.68618479297635,162.7263566589052,181.1485823644567,169.0507123916282,170.0594937813244,109.21812301474549,262.32528156625153,17.0
189.36194189871705,194.29286764942412,179.9883749215263,217.1898410475681,186.81817495514755,188.8519184980034,116.55634253907782,233.2204231392668,17.0
187.10543412269428,189.09451117531577,166.01694462329488,172.00049182804972,192.66498091432987,195.88398609597064,105.14161621076894,255.3007661751037,17.0
191.26978821528192,194.79792078214209,159.13901006485952,182.0473125845264,185.24042652977505,186.0496843422364,100.07413621742953,251.68342778938452,17.0
169.88162247506963,176.57976954703486,155.97166223834057,166.0315818223923,180.17320035431464,180.75035452869568,111.93925961820756,252.8714969056556,17.0
175.06248501753814,177.8026548403448,165.33412438828177,166.26634086507426,179.82065499036304,183.2643881127998,107.50952012619456,250.4912935062616,17.0
161.5111274235261,164.58531778891296,162.69211877835417,180.70051241761985,186.4970971243561,195.0665912781516,115.42833225060272,261.560931444524,17.0
119.4179315621619,142.12007882930126,131.9182289785726,186.93364444567467,0.6684860892799152,11.102842766984171,99.2104244495908,234.6589529115457,17.0
186.1701742041463,192.49936063009085,151.31520183229853,174.47339053033542,173.72381006230853,176.58656974475497,105.07443725682468,232.61736771452715,17.0
187.7394305795876,191.1397126401182,174.73136515982833,191.2527031387504,186.29890159878565,188.27108024670508,103.30483729127616,255.93244254574907,17.0
161.81517871486585,175.611220687256,166.04194838609405,177.77163482947927,145.6148316961102,145.74458574310876,93.15176839324133,256.1138005298756,17.0
180.0698349126445,202.6245183456996,163.79198469179755,174.50054259962562,187.2707984365132,193.33165320109453,95.32564433344012,252.0879745939868,17.0
23.682850162774912,31.290155628913105,156.47512185945695,174.73181554106336,21.26312091651105,22.00889433749602,110.64857480326796,264.9382095167273,17.0
186.827419899535,192.10846911361187,155.0740849494267,172.80837632865538,175.28548242555564,182.0521629705679,96.02444598116897,247.79286504411124,17.0
17.796759102362994,167.18030598539082,155.2728241297219,173.15633328548475,160.326582957494,175.91653946323996,115.78870912351788,268.9310511826783,17.0
172.25059202766886,177.32820362943812,163.45627246164776,189.5714821387148,169.67217265544613,171.5840555103947,108.90495904830146,257.063249278421,17.0
191.95707021863572,193.8807431587952,125.04830215594004,177.68281408571931,2.162448291794306,173.3235054461196,108.27221922675098,227.3775493778776,17.0
174.30172480709416,176.80390830214702,153.20535050472012,182.07356651419727,163.6115544664963,170.85322318692897,111.24127621302084,255.84059123332892,17.0
152.73762678428025,182.93779605841075,152.59958083575094,163.6464340708469,180.0111198536947,186.4826605340559,111.67770231964758,251.78620996674445,17.0
163.07725647934427,169.14755006670651,166.02755451808645,188.04413493359863,176.5517608942031,179.47067739490586,107.34930351336077,255.98547717197928,17.0
161.46958275255258,167.8893743262951,154.04074162400622,161.39919976164958,161.61833575360183,163.6139132455995,106.80086866986684,244.21344380584355,17.0
171.15755934645244,172.793895565382,166.45320241022216,194.88938200775388,184.7614347043272,185.2623257442206,116.06152724856362,254.51515460662253,17.0
34.58808980136854,77.36938940601617,38.59490138202471,47.28076722687297,17.524643648102483,65.4049210001339,33.60081191486656,38.62719220123099,18.0
48.788546650732656,72.52421614413612,24.529591115622203,34.56731671902941,10.34673869948572,66.39132693459771,38.6974005192792,49.70452535510901,18.0
53.53731405557982,86.97546229365994,29.86071885246714,32.304316084152674,84.60540635758137,90.1193512644123,27.04026894630432,31.581397572239744,18.0
57.5893407012226,58.0399252061868,42.71991108289315,50.86067237039944,42.84056033806801,46.58283703794001,49.95030698995992,51.029672374257615,18.0
44.78349950072884,53.82228735076831,34.28267661363248,37.07083389031301,37.54022208748436,39.398526963686166,42.32449939236202,44.34696464494863,18.0
53.98543415655765,56.58768089447258,31.84449733397077,36.06699705605638,45.30564378605048,45.707630151154255,40.8633101661285,43.24997682234682,18.0
56.86673963765573,58.94757235414224,57.56445275868925,63.803032336976365,34.10788216542532,39.28300233136407,60.34435192806805,61.88979472451442,18.0
44.10872315357703,46.11656816672727,26.69523583102765,27.20991898351823,46.94416662749767,51.35291074076378,45.26332555658352,46.53806268196362,18.0
44.6362688969525,51.55482749209054,28.26415558550503,33.05088081686688,45.181816717090726,52.369899213344205,43.04386068875091,43.99443402719972,18.0
51.45916319454254,52.49031870141414,34.050176668082166,36.44245656936205,43.21429435274876,49.62910305761456,45.23623635510305,45.94659401889195,18.0
53.34793471965446,58.605488066032095,23.0735361832076,25.70121793236226,40.617229050592464,44.76775761585895,39.28733500336955,44.22855864589181,18.0
57.03423843494355,58.55587968075886,30.6042693327902,43.27727592751719,44.01994385367612,46.91571080203333,51.12179222190146,52.180934546968736,18.0
63.69817101574265,66.90999930474185,21.642109741590644,24.90664267906297,33.6853151189722,39.08833161620227,35.05153237839444,37.41258400450251,18.0
42.05395002211563,44.77418617080391,33.168939699663305,33.264516882689364,49.577896432832205,52.26212353949944,36.10952301288097,38.03803888513887,18.0
47.89657979609315,52.54507899814422,33.742671846488086,39.09268499723867,33.86423696270664,41.98934658585656,37.51712944916356,43.44246247530356,18.0
69.57412559717531,294.48608089254,41.17549548559361,43.67140332299363,45.14937715042261,53.28736468041745,41.02660631343501,41.78111292234358,18.0
48.76803413485848,51.33957841218687,49.76658978409229,52.617151159144186,43.07762086068847,46.09426730354411,41.34685121370721,46.1622905041538,18.0
44.08505011261759,45.01933445818884,22.382892168821645,23.11037818242433,49.226673319590496,54.94574545636859,28.999377834118857,35.57990426172346,18.0
53.76113099309262,55.43886693878733,28.607896684663405,30.86524364701212,38.64968970929665,46.486666970196126,43.3293267838741,45.15275618477186,18.0
39.95608443157565,40.70674625764576,25.43111724564092,26.60959760168592,51.2203350448511,51.354554466828766,38.45532176381053,48.74648218806646,18.0
56.6950929144247,57.484577397604085,31.59950967663555,32.64176840959744,40.7179597073709,46.08059918223256,40.16165676550579,42.459042304344216,18.0
61.0644440186646,61.25495885348766,44.32126864203029,49.3401653161595,37.15450373458573,42.831522675365896,49.11565076716954,51.77987073464077,18.0
46.55748238737061,52.908983282552725,37.83278904851002,40.58820002245999,40.00675543675269,44.93808211613707,52.499906888223336,56.28624220315852,18.0
59.843069863938105,299.0166905865849,34.88971818698154,40.962228815642646,43.93828911443018,49.279205025141984,52.11325284618635,55.22188780406928,18.0
53.60720682100461,55.21167517953881,27.623700480443205,28.34874627522194,35.39328940952336,39.203005633822535,37.80324453881868,40.7321623506544,18.0
41.76013131815714,46.732800452249,30.925987872244608,31.04160215353772,43.618930834838906,51.34205146607701,41.162077862606615,45.950192907318296,18.0
45.68359335938791,47.377414605524784,36.89514491279618,38.31826995905104,42.632040789561856,44.94711186147045,41.26720992411452,44.02390251462112,18.0
43.34954300588901,43.95741823603676,31.05113487639097,33.35721654209282,43.10724616959622,46.57504592398184,51.2047580042915,52.93237747326793,18.0
49.487634876819016,56.27612213146924,25.59378070204861,26.82615294035305,36.32182427595284,43.09400575470102,42.374272063059976,45.166202363618766,18.0
63.42311687787743,77.01563480020204,26.88228501486004,29.376081557039704,21.083438731773324,25.74473934627548,30.56901593966191,34.95637806915921,18.0
84.89357580378493,280.5722621058678,30.193293405013755,34.36056760928426,18.07921300505119,22.93890874423544,31.584001886681133,39.22499964386276,18.0
54.98387327151441,59.517750316510345,33.510184767298455,34.03536319805211,27.95693567374977,29.83954021665501,47.16462662643025,49.22425143907726,18.0
72.43556001322574,75.25600613888125,15.40137450349225,16.50692554898807,20.467981394222264,22.927844329954887,17.0766801186035,18.20733160979581,18.0
55.81514231578482,58.1734311814553,30.807457779804537,31.410178075503296,40.53893472604216,42.17834327955495,38.7980108712947,39.02708444244703,18.0
178.94826809419692,183.48833172251545,75.61845329869793,85.92674985053988,82.027820359573,82.8506767104779,104.01471054487972,106.5443981097372,19.0
174.5704471339055,176.11547750244068,86.7305632190613,90.6486420387062,73.377335741642,78.6117826618313,105.30901143914753,112.42407426497618,19.0
175.11464487420162,183.2844894199211,62.49510295318243,72.34279866333306,72.34932960671834,74.37421689591213,106.50955877548064,109.49328572160654,19.0
183.472490656269,185.0416468350954,78.71755930034352,81.73158497420128,81.44106766755598,82.87718285235505,257.6154801614666,258.3466748022594,19.0
170.1653828299614,170.50676809687056,272.50102676313355,272.77156525227315,85.36729064717187,88.88230605106496,92.07147373616094,94.83760073039711,19.0
171.11679001697135,174.2328532437702,76.37177029355568,76.4098138479775,63.887305602110985,72.96771692361175,104.9178069298862,111.51595667299458,19.0
181.17352830748808,183.8776236730796,94.4502849391732,98.1531137444455,84.05547737216123,84.1226106028276,258.10814238181024,260.1959110292682,19.0
177.0112987764532,179.43118654502297,82.0704880815717,86.7613732965773,74.98199766313411,78.6825856882375,106.90973302780932,108.8821889283561,19.0
174.98716815763967,176.8568287138939,87.27282716561845,267.2320748446764,77.78304244855376,81.6006187302564,103.52208127710782,107.689482968573,19.0
178.47220529651673,182.48485591891665,95.64151040396123,249.8841188918379,246.91372711635623,254.43964092813408,77.5210362111434,88.4267497362052,19.0
177.32038779153453,177.6948088155518,88.84993680449871,262.7396520534095,74.49399822403738,75.6008808061714,107.50183098436324,111.56711014338995,19.0
175.5770692079019,175.5830038855952,74.27788462284865,80.29641392750779,89.67864118480934,89.83608946514525,95.81110397382288,262.7353325995438,19.0
170.00918721576764,170.90174723385556,262.3410840199569,263.9731703072788,85.72648616689386,86.56644261668741,97.5733364047727,98.15097825127732,19.0
176.1023010835953,177.25456201939923,88.80752982036044,257.389057133272,71.79019405539032,72.52137340555177,110.93150451380352,111.56854225031002,19.0
171.3649860330603,175.22097976460424,85.10071351777623,87.14204776131504,64.92822386892522,69.31520932872928,111.39440570538471,114.3658250103598,19.0
169.54929530628618,172.62974376076298,273.57767320924546,275.1579387764273,71.12442933357,71.92436294330174,106.90794864906346,107.64246994566405,19.0
169.0125403262815,177.81683443289086,83.45478580453293,271.019666149036,81.48449033691828,86.32041055928428,94.78660224357002,96.84286180061952,19.0
174.72555945247663,176.8028171181234,253.09701068776764,258.1188584594952,80.8754112944336,88.72523089603655,98.63982765116285,105.60916157604704,19.0
177.1993053846365,180.54074656917857,83.7579624569149,84.28236215418086,98.5288467545976,104.59209326749328,89.53613605494368,91.01315304134236,19.0
179.64762412724306,188.5747491148894,77.06739885976985,89.49209855535544,74.40564751412711,86.1223069319221,259.2344896197537,264.4250649254923,19.0
178.75251795945738,179.02296554206424,90.2386239139262,263.6226242802803,76.73319635708162,80.17291560286858,105.6980852898839,108.86556781202054,19.0
181.7554898221672,184.54506156498823,93.74801971256105,97.54197009762228,85.16981951816898,87.71639191087729,261.2377412323,262.0355607001127,19.0
190.988156597662,192.08067887239272,90.79413557115409,93.31909756484124,82.15212218704463,83.43025247901184,266.68068915585263,268.0811728537896,19.0
176.1642677152091,179.32255759290604,82.41452654992196,88.69736068622719,82.25803786008927,87.8904472705759,97.55749539309056,99.79697753119986,19.0
155.39469418130494,171.34816641469817,80.49420298736284,85.76375794042025,87.14409596583748,94.2885000926228,91.11548746842472,91.11973935545592,19.0
177.10903781261374,179.03097449084234,81.82409101610925,83.04038737447378,65.2042775637467,67.57195341801952,107.14299368366562,109.38227141352168,19.0
175.23524100650803,176.15865589428864,263.74824721156,266.42999999854175,60.05690595250295,64.32146118169155,105.52890750113376,109.30270512118916,19.0
176.00055081569127,176.5601950089766,265.1697060303923,266.819270516328,60.4225637950814,64.25072296659192,107.0372294557918,109.11991467842756,19.0
186.5260552409933,189.6827654254454,81.64202413630117,82.18804470191002,81.6472357790921,82.28909079940355,267.6944784762834,268.0947916521792,19.0
182.92063783522013,184.4301221396138,76.03574995895407,77.18986083167745,71.14296984590645,75.05859393154236,98.46529801512072,103.62912804762652,19.0
185.2454350335161,187.49760649799688,89.65103598671189,95.08433570884344,69.82002469297375,75.20957703600291,249.57846696564388,254.55903999394832,19.0
180.12008787607624,187.1693593206712,81.01622497513317,87.06878130288506,88.31481530946931,89.1387548644763,98.03005432477512,99.0458195659649,19.0
171.28111587196884,171.3806143672071,78.986830607236,88.23391599721043,68.09319439293328,72.47044984059026,109.3611957295278,115.1745783760374,19.0
187.2735993830831,188.861645142629,80.46086954587899,80.90989426444804,80.84825758836624,81.2006207250496,266.38680382603354,268.2981287783818,19.0
175.633560524781,179.20950491493485,91.169434974344,91.29190578035416,91.01059822450787,93.957659932992,98.29643820371832,98.85383526118343,19.0
169.62548920248605,171.49442018444196,96.08897939919314,100.93600528243743,73.35099654603468,74.59151497833247,117.00213639598093,118.88631152750168,19.0
182.3562215381741,183.5560753639756,69.69205067497674,76.24211879769042,83.0513816075691,84.01492517907049,99.54301211670806,99.6033498586348,19.0
183.1709731438617,186.8986036366917,87.64621368869213,87.99083067461076,74.25222216173121,74.480031545779,250.5674228978892,252.839971334932,19.0
177.14047341607855,181.656912985138,88.88303788185587,95.0447280463646,83.66727674689014,84.91826208820186,257.4107245586547,262.2839203038488,19.0
185.74620218327624,188.87385358262347,87.26622251856884,88.76574594448549,74.28832612499856,76.40689030533707,252.3988555059153,257.8888593268681,19.0
185.8686601679284,187.9985322897367,95.09590858194186,98.83260466275136,72.23054308202005,76.23139887430649,250.9976851699853,254.91963100444784,19.0
178.07849553041083,192.55166927398795,104.7615823764691,134.26542141904804,79.19780934903673,92.29809494679772,262.1924908304924,267.26416225053487,19.0
170.86100664584217,171.59161531593438,75.0432192949495,277.66172163581075,65.29704591203682,71.45713500042429,105.05350159317766,110.32102365979046,19.0
174.11956795815087,176.2236339372787,74.28544014218895,79.50402301567468,77.73188985191109,80.9697538194757,90.99581930690064,94.44185943841649,19.0
160.32577549908962,163.68015906905563,168.89140445623664,174.95637600155433,41.15028112751614,46.53799125565997,73.77415594332041,75.60936830172214,20.0
159.7524554564556,169.45484994396963,176.17661833253072,181.27463215389363,62.32949285865748,68.63751153648101,53.13232216546965,56.02147910312664,20.0
180.26321658932585,190.26004319929788,186.0499064701155,187.2497781166828,46.68947833272088,298.99225552423,56.57844720356226,58.5260988717254,20.0
165.67265956356823,178.80808752323077,184.8065708373365,187.09222579692204,41.13497161523607,51.26328910044886,70.34544468684393,72.52128069927095,20.0
166.00303069145113,170.2527110157654,184.30473583055416,184.3637806121152,61.79078237563581,64.6447472065362,60.00865664204692,60.26106032613315,20.0
161.02715203278984,166.1825806560212,182.6803331391116,186.9695603029626,40.35255986529705,44.7042270076178,76.71986120559662,78.74522258833616,20.0
159.64088868584616,169.44272711528458,177.71641175740615,178.32230261864925,45.58709032471352,56.94215762460057,61.8375715050199,64.79832856278583,20.0
188.4653693875501,192.1321543171804,190.74009927778903,198.20126386204808,38.56933215488067,56.898788553045655,65.67357104337513,82.65371841455631,20.0
201.3662334325916,210.50376789300591,168.1963852182576,172.63345811978402,86.67920286488287,87.86201357826003,47.25976799893149,52.06006067462105,20.0
154.04584149164768,154.33743410165712,166.8741380051549,167.71115788259908,34.64781414526442,35.81477549712693,64.98550250985328,65.16963345604175,20.0
194.40583628263417,196.89496066070893,171.8119678375044,172.2009133772531,57.08152788639741,59.66415555677062,72.57380512476745,72.89364250201403,20.0
176.22087107633783,185.09524598039235,182.3779260487773,182.73597756563376,296.98071641592674,299.8116043568207,89.66754633642363,91.93283887806152,20.0
171.49656420257352,174.50226891499142,188.0105513799764,188.6468310528223,288.4450897617744,290.11221838084464,65.1846786549159,65.25352667552072,20.0
140.66472598670006,147.74040115870443,171.9465541130633,174.09757500705658,17.194576729310675,21.967811606378053,77.34210822563703,80.47089781702319,20.0
154.04584149164768,154.33743410165712,166.8741380051549,167.71115788259908,34.64781414526442,35.81477549712693,64.98550250985328,65.16963345604175,20.0
172.02711533634223,182.35095397425928,23.0923450091442,25.11805439085524,26.25246576888744,27.0216113331976,110.43348613173654,240.03555228290364,21.0
148.304513922979,212.7186702771141,20.673197983771384,333.01780407963355,18.41070521347473,20.543394027599305,99.9580676002765,265.005854838266,21.0
166.60915935113488,197.21577694651413,13.91029651580496,15.764410740709272,27.96009179048093,31.13357938629487,105.19781823591067,259.6502158792157,21.0
168.37819920778136,189.8046241904064,14.512259081830514,15.67821592904092,18.64932726169386,20.31585493223021,107.0673678168635,255.9753539123162,21.0
167.4435716091859,186.8722121821997,10.244392790348794,14.872226383287629,23.99678679816476,32.38313635321227,100.46497148608168,260.2292630669863,21.0
166.60915935113488,197.21577694651413,13.91029651580496,15.764410740709272,27.96009179048093,31.13357938629487,105.19781823591067,259.6502158792157,21.0
171.76202211683133,190.60138658233063,23.930572289796693,31.77185651420724,17.778412304033388,19.158387333213177,117.50664527428545,247.52150571005552,21.0
166.60915935113488,197.21577694651413,13.91029651580496,15.764410740709272,27.96009179048093,31.13357938629487,105.19781823591067,259.6502158792157,21.0
153.30206998723688,212.6912363106886,21.683984268098023,333.2714022308142,10.954460639290902,13.998885489863367,103.69671023964312,260.2315030401547,21.0
140.72225913894104,216.2348123220893,17.72103533482828,348.48721315939383,15.607515650688072,19.194347822970027,88.094181053515,267.01524004414773,21.0
155.00705646039057,201.2298177605719,23.28237140657973,24.873841005198525,13.310069536245049,13.316024264185272,126.03343684791788,228.2803987200948,21.0
164.02965882063387,196.17374311430623,19.88540931288711,348.3650523337944,19.80947109408372,24.152511809450825,88.85791087452475,264.230926903027,21.0
152.724140174498,207.5652219448476,8.752271830454305,345.3137963103336,25.57463683657124,26.821626733740853,92.1718768004479,274.002546647871,21.0
153.49606300899015,200.2437710991717,20.338351224880554,348.80208087641654,14.109194496272996,14.152367316289466,90.7257873053356,264.306283103851,21.0
152.17842002890674,201.3038747318287,13.971062553210004,17.608966205855655,16.778721798716802,17.817853274992267,109.82467165019168,241.165279230826,21.0
153.64846988672133,216.590128064929,12.804852882858238,15.18065913950145,17.875277918550967,18.849411566836533,105.58411476975058,254.7982654097742,21.0
137.90823860805818,216.0034667617559,15.180545909604914,350.6494965239417,14.414800208139562,16.85709932903207,85.79465461587178,267.1160606029843,21.0
158.32105849291926,195.5729499018649,16.691744717235466,19.09230267629676,15.286036557849576,19.268900494349896,108.16305706937504,242.43146333221523,21.0
158.63938176248425,187.0222190493609,17.100228909243782,19.541348549360645,22.43360654948306,31.46570439787937,97.44043149300144,245.5037243278295,21.0
149.4637731335573,218.2957009847118,16.862948207499105,20.25681618160501,12.683942575304574,15.065676589365935,106.94993062239207,253.46280568334245,21.0
146.57227284187235,203.0471282498198,16.51960178043278,352.42039711550177,27.293793262257168,28.435997931099312,81.94512915646459,266.2943959330438,21.0
166.7332360729243,189.94846265310747,11.79617943150772,15.976397931797818,19.5433366924698,25.92168367322902,104.76284684563323,254.81843022239013,21.0
138.42443663038244,220.35615572929183,11.335992480245144,13.838406329620804,19.053451941119405,20.665648644227588,95.69304803330648,262.2786634744613,21.0
164.07995023829707,205.6726252681886,8.29264076381775,16.402868805774613,23.13772636209741,27.194979984716888,99.56262350328277,272.8553051285118,21.0
157.30986350162516,203.26802797745268,22.358064311520305,26.09127556365088,9.907048529483935,9.959625307945704,118.26875668086876,245.90934634182904,21.0
171.3059194420589,185.88698662304373,20.737261505420385,30.737640629996907,10.371829730929225,10.99934070164395,111.684931782996,230.62600408911723,21.0
173.81166255450597,191.62241909028867,14.519566535629703,30.45746504378618,17.613335145898677,19.65233962231659,117.15163022139322,250.3058395742696,21.0
166.29362100400934,189.8722783653826,26.28168877985776,32.456749840240974,12.166324473818989,12.2970028314746,124.48646613416216,226.4882666805161,21.0
161.243168316234,200.661763141016,11.349586788022638,15.828387608986674,26.620793017731632,28.558810113985142,99.06233716746388,264.6149125723637,21.0
161.05101216888016,201.43389670664,24.738751837489342,25.498013530092585,17.772194206985972,19.157304332631064,107.09033067683488,253.453297657939,21.0
155.00705646039057,201.2298177605719,23.28237140657973,24.873841005198525,13.310069536245049,13.316024264185272,126.03343684791788,228.2803987200948,21.0
155.30579092271643,175.78751100826017,135.90210965676076,175.22141106068275,27.433719231759014,169.87706782933083,128.22166965330717,204.69919517411893,22.0
155.93993662190536,169.08716199303026,99.53459467158766,168.96779448170227,43.00505385239633,171.71620493456294,95.8244591627606,233.40836071169724,22.0
156.99168282695894,170.08533383309077,106.63674097709408,176.80810069016553,38.24486348532047,155.6336290251097,107.68151624032448,219.55177682980897,22.0
188.93599994652752,215.4217842988588,179.77622527554365,240.44229054291773,38.90611628684139,202.7958882510131,147.40012359210957,235.14366479584177,22.0
200.8926332047524,200.98304155160025,183.5971410373004,243.84038213230764,37.93180882222056,200.52147487731773,121.26423981161558,268.0427295560882,22.0
185.9239876513261,197.7188046443584,185.5920355842092,256.5698300564325,33.30129897952085,187.3456259791363,129.66850986996386,250.30965901718108,22.0
163.4461394063754,185.693764106595,108.15706816923436,190.8921105767353,45.60790651585936,176.149666406365,102.69849786436892,244.9033309499188,22.0
153.62871298861188,175.78260502672873,130.96037554906178,180.9005262678845,36.72368299678081,171.90779967524088,113.12706115663744,219.16752858855176,22.0
182.7970539290177,185.5283951305109,182.98000571389187,252.59645612194984,29.18045006684946,182.5330482050356,98.00986409214534,242.8156337936116,22.0
162.01963378649836,179.68555856428975,124.70028755263468,191.48654803591924,32.56993380059995,180.3988925056297,110.78077191596122,241.4563541035784,22.0
185.54981708496504,196.0415440053453,180.33955038887208,247.27357075558743,25.40556068831885,180.1255433588429,138.1174533250447,242.6867923043249,22.0
164.37691421238398,186.78170619397693,106.31781902665158,180.669626715361,38.15423424308305,157.7828859653729,93.43767091507245,225.2718776215237,22.0
121.00449514986477,126.98800549268984,171.01260400556657,174.20003488082833,62.3181951711256,64.43735091951243,53.2290235406612,54.591209567869306,23.0
166.69967135307928,168.73541492013717,181.3612098025341,184.0629208793083,77.83927071457492,84.63064049794339,52.83596004760393,62.0239116767209,23.0
154.9500457897002,166.7610840588773,169.29064910807665,187.9108289517953,42.38887385941094,56.05625638634813,82.01905694056917,91.1042201940961,23.0
161.09505462039837,163.21437431655693,187.72553893399817,188.00836641835,60.76678871782622,63.99905188637589,60.03426129699565,64.74640344218133,23.0
185.7139613041712,185.87318372516248,188.00456029053345,189.3882957851684,63.34398832908212,65.26817071066888,191.55107415246275,192.78466664152572,24.0
178.46295438977344,179.09800551497096,177.22768209141316,179.7232063164324,69.50315159221616,69.92020412275768,158.81583200247874,161.1702121214073,24.0
183.7618085609209,187.4630895754711,151.86876586143623,154.84264631064258,46.58333728495703,55.04415181217509,190.3134495148988,197.51933816984808,24.0
75.2519790262065,270.82184107369665,169.14985217484542,169.47933316671174,56.686862300205306,65.891322250644,168.11303742589124,174.99568896298277,24.0
180.97556830507943,181.26235967798527,176.10639157621557,181.09775061833173,65.61907203936158,68.98445384025062,160.63276232515156,163.12025036570395,24.0
174.14038416809962,175.23064834606927,189.2634704606154,191.89197806107896,47.83835472175559,51.21333017616584,178.4519022269993,182.35021657217024,24.0
178.2695961254992,181.5921036813149,174.1358531577279,177.58434109622218,67.59036163327228,73.51476113323659,207.7555864887981,208.6586892762432,24.0
183.5196034111057,186.44848337459376,177.30073436277428,182.10407147965384,86.52283906032518,98.4924212666518,128.55885088560896,134.3213008534023,24.0
180.82866068851604,183.87610887858045,168.05300304572793,172.93827804477755,76.06869588492867,76.53515827951266,213.29037678821985,215.70744542523312,24.0
125.99733783158904,127.03223178866024,187.49711587419984,190.1420218384672,33.37315202130995,33.63646701925052,145.34804550541836,150.36669588582157,24.0
184.3696333461527,185.9449129467949,171.78128655445877,178.272980482359,62.20592583797751,67.62758230969615,185.62484245034528,187.79776288117665,24.0
183.073645260676,183.99920901471447,168.11388310573037,171.28131522752568,51.87647969831219,59.00690640495425,186.2270894180867,194.092291872802,24.0
176.3089189052287,176.3459763404475,184.0500094670004,187.6686643612226,56.43136023213879,58.28623292549887,172.6337887167759,175.7171778088307,24.0
184.6475018562637,189.8132213708148,178.3474721575533,181.1690031347437,87.97946824532485,97.08032985463232,124.30158043270376,127.10722785198504,24.0
181.34308130268764,184.5613318639913,176.2889105560128,185.1007174737373,86.48002840970258,98.38457107828134,130.74067342733605,134.92427922322068,24.0
178.0453144684628,182.37594075911213,176.01548199945918,176.18011878977256,72.8274448229747,76.6691176263441,204.22180036649755,205.11782822033425,24.0
174.84752364333542,175.3190888344744,187.1132057408088,191.96448277696368,60.80147537587702,61.54365842300408,170.37468330233042,172.729790281237,24.0
180.2307379999119,183.19794495499468,169.0016393768686,169.08231808999042,66.03606447698066,72.28737497963692,208.0900599224587,208.68303662455992,24.0
180.53607694186303,183.43250069610733,183.285724794426,183.32198500286776,75.10667612964858,75.36994694428662,185.85843490967795,186.02030238683648,24.0
186.2727743702684,188.8789490915524,171.22918161975576,175.61788072362617,68.73501347306468,77.47409453136844,200.52039764555929,204.577616285182,24.0
174.64142902266843,175.17580011439003,184.7471001321778,185.75103178753108,70.64499591554966,72.50251231671606,173.5212014635375,175.14004747276283,24.0
174.5742530946264,178.76164585285215,180.591104545894,181.186689027452,61.79775238895107,69.55630060327374,173.2476889641528,180.66539080020533,24.0
180.86646047546463,181.5192303249985,178.94302634267487,179.64965066924148,73.79855164742351,77.09673251830151,161.92122719695178,164.1817624216739,24.0
175.60379884095582,177.1241414037394,178.49168622826232,182.04401137604484,60.54706727376891,65.21820915632127,171.34051034632583,174.5829817495041,24.0
181.78443558241588,182.36835945496617,178.43340186634836,179.56761172542215,67.23612185998937,72.55641649721728,172.4265344207178,173.95368022804718,24.0
177.08283525970992,177.37472332611748,186.74773715541792,188.73516504780045,65.46809605919334,66.84468227001904,161.82885608820723,165.3339740252755,24.0
78.93384581052466,289.635655524794,188.4099390297936,195.7961184335229,140.5511138165133,162.35175208647516,202.17789866975,205.83417096804465,25.0
293.75133226925914,305.584834964831,177.06662739224896,183.56958379751083,128.85400654904709,129.82881149816393,250.65229752910773,255.5570784881208,25.0
242.4917116157764,289.496482247275,184.1639781023901,191.5381028292108,151.05747347975728,172.58358670035815,219.6360903073588,220.86493021730908,25.0
47.04546663369814,51.46976252539616,174.69958552491173,177.14651942315703,226.9372942870282,235.4678424029878,158.21911096832855,158.84193992854824,25.0
70.5896249274823,80.58042054287648,180.6271319786519,189.8663097916417,191.22532735117625,193.5776961527652,129.80151574443337,141.25384503376995,25.0
49.606176409690974,61.23862517854404,169.16657156347685,173.1628213262701,244.6258194905084,254.4908072082768,103.15245609018716,106.29629708808356,25.0
50.66254579732637,311.30395022325496,177.80518533653677,179.77128280922204,114.51037936873594,121.222294745603,238.02198858180367,239.7154264342516,25.0
46.38008815856338,305.8221475465376,175.73389147826518,181.1741626869976,138.19774889906358,140.46932008602178,202.3694391241202,210.8827852928945,25.0
271.3324270906383,298.76702201346313,183.7861775570724,194.418603523344,143.25959417189853,151.55408051456894,229.8478216114977,233.95096251121512,25.0
74.78279113376811,141.17359230394604,156.51254485067298,157.7836911475096,220.17053056867744,234.951239665547,116.32963107515832,118.35975845938572,25.0
36.29119024856,319.78805945827435,185.526129964066,188.186585534026,92.8453260416458,103.30944109961304,239.65774830669932,246.0842365568074,25.0
277.85274238334466,287.9924611065213,178.6923052204317,179.9955357002705,150.65812264707375,152.88504076972123,216.38019799676985,217.37284963147152,25.0
259.91169810013,275.76176245071144,178.8226941961049,179.20133272172407,157.2516578413253,158.37097783309815,201.09897720366547,201.21833110150533,25.0
67.41087672941123,286.99415093671445,165.94727654169418,167.12747584075666,132.17580819412493,137.55400345386008,221.26613745751263,223.2590545679445,25.0
78.74696226834715,270.31026851574643,178.15539007669028,179.28134197796533,174.0976440220335,175.07486565528924,178.9861714620182,180.46790764162336,25.0
73.87289700208825,74.45165628566117,180.11125333470378,181.67516473488865,158.59032962116066,162.91013705577996,193.23558816687645,193.4020193436332,25.0
58.841063341449946,63.45064890106329,155.73008234343982,157.5056708914488,197.4035284268832,198.80110994466816,182.09969440493828,186.059525293747,25.0
290.10158606623816,298.89041201129174,174.825236410896,182.97154778742345,145.55160655517545,163.2354761709971,177.50092429172733,178.23057567334456,25.0
246.1846192158824,260.93149680689845,171.03717006599413,177.72524415982542,30.13138562421709,34.951096177093135,126.2053140403411,129.82388382993395,26.0
89.05662111287369,114.78858537843574,179.69200307083906,186.7333428280425,24.368573963933624,28.3255142636352,231.456797866163,232.22437991116584,26.0
92.2643812107721,251.3060812214841,168.78627308558873,169.58636725695945,37.38761969068063,37.98185988177417,128.4103297111601,128.89011485820194,26.0
215.96439075036912,261.52570118711304,178.67634404629584,180.99874690013348,14.500896715189864,22.67340515403841,115.76665822764116,120.99113139287492,26.0
86.77558913073656,219.90507961009675,227.7156421389821,232.57471043366968,24.759069715771155,26.96488602488401,112.23775145585311,115.66214719048232,26.0
232.9968374868512,260.0201501295384,154.12036571567705,155.35184021660848,16.42161173304977,30.25184709784214,130.3442342609289,130.67523282920652,26.0
97.1098988975014,107.062358674035,165.18152657527756,168.8072366373026,22.6984099542586,26.41324018333399,235.86537783925783,237.67951769985007,26.0
84.35015291966198,116.80351864689024,175.2404470282061,177.91908387438144,28.22906721117654,31.882006195217794,118.58469611273289,122.29120808958623,26.0
259.3974481646313,267.89763289960297,156.14532748065864,157.05942786672867,11.684886380810894,17.49472432713407,164.62099146991625,174.20574514789402,26.0
83.83429865430682,104.04974053442312,160.77423636729318,166.1110769270976,36.953727892984006,40.07990541113942,217.87672363962332,221.53571564447915,26.0
94.13446965439744,119.2370738607784,183.49425256716972,184.96520770721983,31.417424605597496,36.0803825038947,230.47126249354883,233.6779061473455,26.0
192.8342977147257,202.471098907268,168.83033964307512,171.361056821138,27.75273472137956,37.1960084862988,113.21827316432844,114.1788637772395,26.0
90.47726126584004,130.02050324650224,176.7377190067178,185.24116475286323,21.352110051708905,22.901082612927887,106.75429383478406,248.5905988426059,26.0
157.61859973655342,163.33005685748873,157.1175606387754,183.9670434431465,9.687308938012835,11.513585674488857,244.9425178232398,260.2858383817199,26.0
101.39128160630736,125.2495792543968,181.3058658682066,183.5916866683349,27.829581287477627,29.66915838539578,240.610458445476,242.23460618954064,26.0
101.14753184422489,161.15555722467815,180.2103072899951,183.47135504602429,14.187926453898996,22.462808412043493,239.9306567133461,243.3746710728961,26.0
226.7334655799711,231.6179907059916,172.1292569676039,179.3406132412465,8.677524519189395,9.395143606059014,125.3472271195214,131.2540866291301,26.0
199.5357158425044,200.58732699223287,167.26167407354507,170.70803736026664,15.490801968631098,18.44012781811776,120.7110752577932,122.5221019252618,26.0
216.77001186931363,221.5011113541795,173.53344864187986,176.408779591162,2.229928282995994,4.631635371001023,120.51155222296156,123.9848062526528,26.0
91.77630487970907,254.8538135854089,170.06956934868344,171.13355781305108,35.581752375660564,36.97094079445017,136.21095202727352,138.3406983933333,26.0
150.13759210137056,154.43213806264916,194.3563574416549,195.28772414646824,10.468966343098742,12.295795202632872,234.27465846133728,236.2808197216733,26.0
91.95236368130551,94.83803696100917,178.31309485572572,178.5562650114509,47.83180331671396,48.96801438483519,217.00955806001951,224.0357893579303,26.0
184.8650096377392,189.7304854350831,164.80982457313738,165.91289022504628,18.24730624638067,20.956177614944963,131.36968069034054,132.3038707143943,26.0
243.8685668292685,263.6137854343579,163.14715463364513,166.20863102839945,24.3129147127564,25.83257743657246,122.14513515226916,123.2454392313202,26.0
239.65358306431136,262.75176656787016,166.94515448309457,167.444746319239,34.058938441181525,35.13076176748841,133.37736441083158,135.58264158375155,26.0
99.98971727782988,125.31225349231636,160.8059098058901,168.86995386260432,27.26520570808738,30.20101314104642,227.73651231637285,231.18048906831908,26.0
66.02743175171031,108.86553982106292,170.5612091397056,187.9460261131684,34.63517696556066,39.1148602228355,225.42196273969552,227.72550034805843,26.0
96.1315946000185,128.99246865482047,169.07953890727438,174.13963577790912,37.62147964445822,39.4802642807227,233.50440208854303,233.68019761380623,26.0
90.376709316057,127.75059451877097,166.80196171364938,167.09657804743412,32.522351853572744,37.41758299714434,129.04720720594196,227.82444188735715,26.0
232.4516975338969,263.90909149306333,169.4461347367946,172.2222078513662,35.83289401228721,37.07241411538466,137.0540061018593,137.34297091329515,26.0
184.88956056506711,189.44335996804963,163.1991051328148,164.91274558399633,13.945082150678807,17.11329761708846,132.49933628067458,132.88043375152768,26.0
192.52220190106087,203.12190903415893,164.07239027306994,166.5038092437013,33.86600630813162,38.821336976093065,119.64482998166072,121.30700405963312,26.0
245.76212664044647,249.30119261419043,174.8542242268531,176.65279984385765,25.71122018790016,26.513014885535803,136.74053292275602,140.49224382403662,26.0
180.19137451562543,189.01149205677072,158.878807555465,164.60544769955578,24.34536090885184,29.591034462030294,120.9682463986652,122.19521361137882,26.0
245.76212664044647,249.30119261419043,174.8542242268531,176.65279984385765,25.71122018790016,26.513014885535803,136.74053292275602,140.49224382403662,26.0
177.86496357611944,187.8879923587665,180.8630475957088,181.32829771143187,37.06076527938379,43.95097648333736,229.2484693015528,230.9713612766577,26.0
103.97840395533066,123.59452334916983,179.9283841219886,188.27543840225584,45.451159335506574,46.68521656215291,216.13579771071025,218.4172317264625,26.0
154.70656425352354,157.12294895141693,159.39241362105483,166.67188973167316,10.845760762108204,14.95573170404162,242.48566371713093,252.3796686185437,26.0
81.47509726136798,243.88151428107668,152.0221231042278,162.93192917560896,31.17575577873397,33.10324071988981,133.62917702601945,137.57753477904356,26.0
78.90605830135681,234.444819384446,171.3860012945716,179.183412924593,23.21333231181045,30.83283088503416,123.14481507368173,124.66212281296303,26.0
44.91111203455006,285.5366396608118,167.32891682848583,172.25678535605724,48.24272423062618,60.58312203867799,228.2731002466698,230.05660831047288,27.0
38.39072591801819,42.09487385833341,219.19546260147155,226.0407728857232,292.6275253821096,305.4482759595985,117.76013654275866,126.42049456299914,27.0
32.24899589533072,34.444448183343646,220.60290903852257,231.01589154531024,286.96584645683697,306.3000191098289,115.85707872783718,132.83633973318993,27.0
30.57613110146509,34.798227381590564,177.71937087733713,186.96756228445204,274.3833568568694,274.7852944577697,178.2135794844246,181.859020503326,27.0
29.133238679992143,37.92215430184522,187.26314950716232,192.33705317637265,79.48654008171663,85.7821670913691,161.72500789257788,163.7988671059028,27.0
59.58989297784003,67.04383465014169,185.41380814873008,188.4881580772328,297.2572701589082,303.95576694560776,149.3899131416406,153.79733867147988,27.0
46.00503683376565,54.792832428149296,207.77809422368944,209.084288597821,45.37502581890843,298.0956706362527,120.36549765003016,132.51654314793052,27.0
46.054761342704,75.69400051029044,186.00370748364583,194.80809220899755,276.40230018862394,283.8053868430631,153.3726817627668,156.88853756673484,27.0
48.545500751353096,49.469471409386514,199.04224731500867,199.76408170317265,288.8665885833723,297.13194830389256,137.59439395519607,149.053916262498,27.0
42.16650589590021,74.31829993275288,220.7664168799077,241.685550304958,38.590137085788975,56.64995099400068,94.26219369952206,109.7325579241203,27.0
40.08401877387045,42.411294750026094,190.231622317598,194.5715724678482,66.49200898598171,73.55833554528381,141.77201286662975,149.10825295150295,27.0
43.60517168657351,301.41913809414086,160.09115296332456,162.83359951776694,46.48864214548092,53.34097361352736,240.143761258613,243.07090553588225,27.0
44.93165619089103,330.0561939791178,154.04186607762588,162.88521339466874,66.33820710438691,67.40250346967228,223.6089566977605,237.10205524024423,27.0
42.21281529279161,50.8005337191036,201.39797520712565,202.6824213892323,293.9487089816973,303.6554828563764,118.56878676346804,128.015628523619,27.0
37.47542654623803,48.34232476996464,183.4878965204659,191.5624048455085,66.05187641360503,277.01670948350585,137.9786789667679,154.51862069539308,27.0
59.10897922430122,64.01137687331932,199.11947924577888,204.30141606388065,305.47051980844253,311.2015599996238,106.29243699759066,116.16390805905834,27.0
36.866034038654064,44.38226350371395,200.42286779957843,205.0240292955923,283.99792926227,292.0793808952,134.27911307651885,144.5571941842371,27.0
36.831137918793054,82.89582428558259,188.874815564736,188.9368054068858,69.59092767332614,277.1447869594064,162.7766929669415,165.92640860759747,27.0
28.2950722534278,31.48501471695298,178.92286695956778,183.7986555771746,281.1158722716149,296.85848165308767,150.36989893387084,166.35292923794287,27.0
53.856777849662,264.3178736272487,130.7014329393948,133.67291291897052,59.09346574911181,63.47385881949895,235.15052480782543,237.89193142969,27.0
27.839730901816846,35.09423064464043,191.4196868944377,193.04866154751332,74.65663634905685,86.00532659259287,152.1585114425191,162.94622000583976,27.0
64.66854126193172,75.84265978903038,207.0985697006348,208.5470185211876,306.97148028462146,310.02577778131075,88.31569116830694,92.57699398607,27.0
256.0652957548714,321.61024421163233,167.99487791330895,176.25315520087463,46.18910081282748,81.46751436925932,197.94077774185192,201.2667493560696,27.0
48.07343751192297,53.61821484452911,156.33332664436463,163.10049566697518,70.23509914983157,72.04346907020262,212.55575052721176,216.3795076724114,27.0
56.75945692396855,295.9016138986369,155.82410825743145,158.2621772679705,62.37873085617819,64.99670709289201,236.89723688248955,237.9036599261181,27.0
60.70711698931565,65.93109987947908,192.20680944772403,192.6612946184493,286.8113270713545,288.5366207858953,139.65460501578653,142.25265879573095,27.0
58.24932607184345,72.5996193475403,200.21886212237413,204.20172458637936,61.68294949569122,288.27864015603683,125.88017536992768,135.14824832806556,27.0
66.20204922673719,74.99035358327582,187.28525990023013,190.44583635461103,289.6535624156566,294.8302801996388,152.50668130100348,154.63392455160644,27.0
58.0874635844116,79.63581960908772,185.45538000648705,185.4556492013158,251.457645924739,271.4364206149501,171.02444665487926,171.1975070824744,27.0
65.16417254734533,287.1391564715939,177.93396063277544,179.2868628143998,86.66381551930725,96.91505453661684,186.2382642191471,188.6554141085196,27.0
50.42847227411728,64.48951972191927,189.61017470074168,191.4289868313116,270.8204261847621,275.872682395406,158.7255681643486,159.80357992507754,27.0
63.14775739277491,70.73621889564724,189.9230189108184,191.68856835452183,285.3017928601761,291.15214861628294,145.56778157383124,149.1153545986808,27.0
150.83732656590013,204.1873040746131,49.817567321300224,51.15665061845058,280.76379216356,283.8899166397334,191.78112813312848,194.3983637940567,28.0
154.65829151536695,166.0431339967324,57.40101050716437,61.13840435899527,78.60266776923491,80.91947273669166,149.5217963101466,150.44647768837677,28.0
156.7554462109564,192.13707077252343,61.28481289875964,64.65996141778346,285.9305680100235,288.7478347585202,209.9286638302896,213.36221700972376,28.0
150.6018451350761,177.33476836569918,33.76975143515478,35.30290717696077,294.7227509685179,313.22458842315604,165.38487711740297,167.30976333088333,28.0
165.56858618449496,195.0065600924703,77.52684498455679,79.87943705701319,279.054598216255,285.4680679744946,227.8395009537052,230.8446218213132,28.0
169.99287458129504,170.36521055758718,52.30490770170626,57.31795792312622,70.93320617429039,73.93335518542844,148.34418937020274,150.98808481999004,28.0
156.66444538213014,171.93040189822858,53.11866157225319,59.72336305859285,70.32189995993208,78.51048762801489,149.72953671518437,151.64019575199524,28.0
171.3932789842349,180.22011269409325,50.27998102572238,54.38973053013533,56.41752483084373,64.359700335281,167.77018191833128,168.77933796844246,28.0
171.71709720715404,179.7692797152432,49.90134856209605,54.2681725545074,67.4804104562855,70.45720242179408,157.5843007540921,158.2997316060745,28.0
193.10306630184985,195.58037002689807,43.5890833778507,57.05988671100695,287.94462581951865,292.64837661375213,185.37935871459345,200.10335597531707,28.0
170.76381695091624,170.99761193886602,52.985119081080335,54.356775383167886,65.50963092723852,71.68769434175569,159.3770177329284,164.58341181819915,28.0
185.0962986761559,190.0200943621872,44.323502040592416,47.700026637526975,293.0188271707301,297.5201928657708,194.1446068704324,194.8543928248544,28.0
154.36557768185804,177.27883612600326,39.573639063002176,41.20578528131455,59.22671693429291,64.84943518508723,176.11506366050492,183.22828106951488,28.0
199.01818623576327,199.93143013077105,46.24765507343213,49.788053800053575,287.9911785519263,289.1779892069635,184.697988754907,185.0368058572813,28.0
187.4650970705784,191.9857543549308,62.44247922095692,69.18882477326895,297.26462408377006,300.4064961170409,185.7256014718201,193.30330145280297,28.0
151.0769903510776,193.9883563704705,48.7706784253879,51.30882985709607,280.6353306014422,285.2010676915604,196.29357535431168,196.36887923478423,28.0
187.62058168959567,193.6165379030328,45.03926134773516,46.88550474120798,285.53687109447367,294.41173544823533,183.9083670090216,184.5799007898656,28.0
155.83934505286015,194.307090951644,71.13387400707794,71.45542436494283,274.4508368740537,279.09427592010945,221.92320585394503,224.26363146257384,28.0
154.71257029333458,165.51886261876638,55.16468997121095,59.663218110316734,74.28176197692832,77.5056024833007,154.49380454206477,156.34726083917164,28.0
167.59059033622597,176.32256075205726,55.39716882932044,56.02153089264721,292.9509928307573,294.1528167854125,198.2114650488189,202.82439213951005,28.0
180.1012784624592,193.9432617656193,40.35592139303354,45.4615850325074,55.72708736056549,59.66651003475139,169.97291550447062,170.74289449804218,28.0
148.15713969778074,165.3522179183341,63.60852514200987,67.69957850319128,269.3199314532203,285.65976618013065,216.8506007916063,218.74171271220223,28.0
164.6541528676104,168.02848801490964,38.78240963523019,39.9854302377529,72.17117295517679,73.22928356678625,183.67981047098945,185.66620031416755,28.0
175.9534691958005,182.0307885240653,64.52410120623149,69.61394603807463,56.07190769544961,61.81436756074966,147.93516963050646,151.13314027848227,28.0
192.7138333558025,197.63912667632192,48.5598092974456,50.37189326511679,285.33225109666006,291.36320063469054,189.6682792361069,192.66821621283864,28.0
165.57341084107352,183.8278612117936,75.36836629480075,77.34165440066046,294.0078381615648,297.06818454138306,221.4068327815708,226.7937111271408,28.0
158.45436089184378,202.8744506975077,66.36445605734332,68.76769515217987,282.5950943668152,284.6421275665494,208.8750784082864,215.59782045331332,28.0
186.7277507637301,188.3060277777934,74.95391545266642,75.50382173108713,294.57138159561384,295.0059853390869,225.6461419184118,228.94921679597337,28.0
164.08388617284612,189.15150701482216,71.46128284090918,74.50878592062585,293.0616401804917,294.22871162599245,206.00443410424185,209.16711777857967,28.0
163.20337712766738,185.2282088696516,59.82447791493008,63.229210653287325,294.10869288926807,298.11952604937403,200.76055669055395,202.21448788945577,28.0
170.3603897037544,173.22179606377932,57.44765359824704,59.31736607436604,47.60070960509917,47.666121649359496,180.5590686603106,181.1599489982414,28.0
169.59098917477755,183.1655351549963,69.72534076901425,75.73213082588644,307.5883949069658,309.8265428185103,205.22089903945005,206.68754178837327,28.0
167.88703295586234,189.87094942397545,76.9495810810252,79.82208012037646,311.90632178320124,313.9754595976819,201.27491838452184,203.88905973880972,28.0
165.2951349432834,172.42360561341087,60.73878475115887,65.9845801285207,71.72663004147554,76.32239545934429,144.6123724595418,146.61758364048148,28.0
184.0432263705633,189.45945810220675,67.44582366962054,70.50049560075432,308.2019183021082,309.22326731878115,200.6588118475076,201.2790713361117,28.0
161.68663877050824,168.39142655457312,52.85931174569532,59.62299945010823,308.7160386433666,311.20115501567864,180.81445808099787,185.6111078089476,28.0
158.68731818563933,189.75010590725307,57.7554102159873,60.068085591484135,293.38877853242826,297.9269829802368,194.3888624070061,197.9663973513788,28.0
168.8905307265419,184.252517918398,70.26948697061,70.82412837348087,317.34735385602653,318.5512382529262,195.20706296501783,196.85302501285395,28.0
162.94048034619783,195.79239127913007,60.80040674755345,65.45454882551766,289.0813424708635,294.82072707509377,206.723492196814,208.18536677251728,28.0
188.49615131552167,193.11687956642623,71.92062027421902,74.49408688994228,274.16801420966755,278.8666522852877,232.70459607628092,238.4452555172044,28.0
171.70992930971127,171.72507616404997,180.8437229550373,184.9217970978812,13.848736436711054,16.64725129077362,168.7964858769741,173.77300912061165,29.0
166.1316333603407,190.0263241119256,177.23830487148882,179.88655792084757,342.8888179738048,344.4107356594007,170.37176937462309,171.9795632343616,29.0
164.78418614640248,169.27217577662157,183.8229318745085,185.07122496853967,15.164129130402786,20.863828780835668,173.29967327595287,177.84907902491497,29.0
186.37007725292773,198.6385090694904,171.76541761850362,175.68290382352873,326.019587970848,341.251060817803,171.36595597732622,171.40520188080987,29.0
161.08176091889626,168.3638870238697,168.77769945434397,181.1685928880412,23.4706612294066,25.78741895106396,158.60758612268026,165.12055862897438,29.0
164.54447522668792,172.28023987480483,172.09062065362684,183.537499934963,17.743138602429745,19.6918378738014,173.5638663880632,178.0163973096724,29.0
182.18708595214625,189.57344694845187,176.9280785821026,178.66522782897212,329.0902828784296,343.32730220845383,167.88178624138365,168.514366079266,29.0
161.0226952363442,199.49367516421103,179.76332131004858,181.8452036304474,334.5511428176878,343.5368577841826,172.66306619876048,173.5377619953112,29.0
171.34519311600454,182.3552974107684,174.31700181558492,182.2501488480228,330.6424443703383,352.1600433689246,170.99119904193842,174.0267306786959,29.0
157.85475664199697,161.0142160940403,174.6927086378145,183.1297050783957,22.81607932353464,31.24983208749805,172.52549175594473,178.21526730938254,29.0
161.08176091889626,168.3638870238697,168.77769945434397,181.1685928880412,23.4706612294066,25.78741895106396,158.60758612268026,165.12055862897438,29.0
188.3585301082164,189.09094140028563,173.52603652546549,178.93293645328228,86.20245663790912,130.17972781432033,214.5850458548265,296.40439271320133,30.0
180.64872814264848,184.0209260087012,182.33593302375536,184.3652746283749,93.09617402281428,135.93284697155462,208.8706809661172,295.1121291885052,30.0
175.19584726575437,180.4136489212352,173.46918536334394,175.10275925084272,76.4554048666547,228.34169646908845,75.71306691592184,154.95344830995802,30.0
176.86806508383643,182.4807359535248,174.32253205807496,179.9753913646807,71.80176574449538,142.18594834000626,194.955179570106,288.8190530162795,30.0
172.77632188274308,182.6064839135965,173.48852552737085,180.6581072806208,238.68993908439177,259.59171646032934,77.95718943163294,89.4652453651346,30.0
186.8341828644845,187.2199419523596,179.64254721072038,190.6332546756193,82.91922888881807,126.02216715434773,213.47128416777016,292.13101348253946,30.0
157.00631328642362,172.90380844559925,179.61782243328722,186.0222584657989,258.1757358269493,268.2135835555946,33.40348188188901,144.58772162236107,30.0
186.19927368268625,192.12599357621724,180.659530108432,185.21244890615537,86.8160081295779,126.76832092767437,211.09821872502977,288.5990103453036,30.0
192.62732304714444,207.91860591954807,157.45515378532164,182.1000536347289,79.41636676898179,92.9011339273068,31.65691305221257,195.84993281974133,30.0
188.8848286148584,195.86429555036813,171.93565859175155,185.84483283677724,82.43269630317774,131.53337923762098,200.9510806208408,300.0215882948257,30.0
188.1464014182675,194.4582314988715,181.6168530906208,185.14609800449884,107.82272099794396,112.09708267806349,92.33398561918986,274.5238007256058,30.0
183.4976372910764,186.35804836335,183.2700353494629,183.6794804531188,76.8224013558061,135.14545979161565,205.2409370053544,285.1797367718763,30.0
187.68586688144703,194.8518840207529,186.1711347278863,189.848170490122,67.32729205075772,120.49986594254108,185.3170554475004,297.0718799490076,30.0
170.8741524367961,182.35524612346143,175.2411865778039,179.7984007669273,91.15756730323578,106.41320766546497,184.9245705329596,310.9019462789207,30.0
178.89663475329286,182.87428399022693,178.54738872730127,182.0771891417991,59.23740395451768,140.8889432397195,195.51754755040176,257.82388044700525,30.0
189.011145811278,190.28081249567268,176.71725038791632,183.12730704029173,100.278897152203,112.7295105936282,46.58329881936703,235.4526885970848,30.0
189.42513075601613,189.7139405939841,257.588384327146,261.42994969572806,79.16532726746823,79.22176590946816,260.2994667922798,260.4780728253478,31.0
160.0836317618586,172.82573834265227,95.0292552093082,97.40586836238872,64.99916616087336,72.03108973950182,97.96515380103484,100.54468268117128,31.0
116.76005708321848,139.96045626140503,253.1922155759176,257.30851114417953,44.81967899840086,62.19343447851592,257.60676848452795,260.1424410182876,31.0
171.6042815009645,177.78989854180378,84.76441275522194,88.25934735090435,56.74080757068138,58.88246885552373,113.87846937134748,115.28057523931604,31.0
154.83253464743078,159.3628172768807,93.57729756776588,94.33970835005556,62.63710107065516,68.68055086733045,104.29123560964985,106.4629566907507,31.0
149.03427333079483,161.73677423201644,83.7694419300318,84.39092841729662,51.08332137683959,54.710652177009685,115.32861158311648,115.36504091661024,31.0
172.13586751924305,176.9052040766351,85.66981586185949,101.1457432677499,63.15828858265171,65.78416070070008,106.93799275038504,116.72965229466072,31.0
192.56532712508667,193.9688569658244,271.8374691009882,272.1845237726624,55.43048520013098,61.72810014570391,243.898411747632,248.73581697236324,31.0
159.4520186275051,169.835913907846,81.1837106522102,86.89702371343796,71.76849760167805,79.5922344061974,103.18267271743224,109.03521883537836,31.0
174.3996599096842,189.6188943663781,93.11470857406194,96.16759364929638,75.971295397807,87.67660684713955,97.10530423657433,102.27443418689856,31.0
163.21987467066864,166.43100417140613,92.26713493567256,93.22218722306256,74.66708847179576,74.99933521621745,106.70062371025844,107.40163840668198,31.0
185.67645503618908,187.0020024543316,244.4867499958027,247.73299870223312,69.90589951070463,72.8879948617143,251.27134694040032,253.0977952570083,31.0
154.6079433746654,179.4104071939371,256.79762954240107,259.7241045627934,81.03377917794755,81.53722500350221,261.7708609870963,266.2142354863574,31.0
204.84812012913312,215.0977073335728,92.63280978314636,265.2768845334675,53.96922572371975,56.53694233302487,251.6143376858599,255.1463528571559,31.0
191.76752668771545,197.5363657985508,89.66235873113528,264.1945798757433,60.83134247735479,61.20525372606837,250.3454278053284,252.7169853234384,31.0
184.8686928941526,185.5829127647741,71.89671196183329,75.21405286647816,52.34095689004409,54.346178007085314,225.5666802846448,229.8364129718951,31.0
187.5331329365492,188.0641994863151,82.76923174451647,273.76225758584394,57.47529256075764,58.19474747973999,238.7127718943196,240.89600262319416,31.0
180.6965092585852,199.84091149977195,96.9674187987844,244.7224705277328,65.13602327598623,74.92783447265458,249.12666944276472,255.4116584483133,31.0
196.0870177679305,198.4895237781241,91.17961042288402,92.25082686373584,67.17980718472262,71.68773739620896,249.6674165926888,250.08232011483813,31.0
186.59843209095703,187.7060858320492,97.3115920747141,99.63049063966584,74.22230481064128,74.39075401513786,256.8028650416497,258.6411331336624,31.0
180.1458177883376,182.5625716531528,92.81532810276272,107.4177591374811,79.57146390880649,88.64073277229357,84.1991364518311,110.47221828098036,31.0
200.0395828280469,219.62363017924392,92.79272180547622,105.58810878969436,61.141073839882445,68.02277352985887,243.97236651578515,255.93897238751035,31.0
177.4255689518223,185.22955309294431,91.30555418116316,97.87204284728128,81.67008644398196,84.36800584573525,241.8513290723158,242.35772076096515,31.0
169.1163015330577,172.3627812432058,97.67334675073006,99.5296879684629,65.34501457287556,67.07244984896242,102.67484951660656,106.13568378218568,31.0
191.691989775608,209.30615278897173,91.25735831458822,260.8176598498405,36.950607157803255,37.13142638338745,226.6115894766804,229.83351971685127,31.0
179.18928216888705,185.8061845355544,86.686268289,96.25801900425328,75.17962822059503,76.67274786667765,233.5849151444627,237.49849328739305,31.0
189.926423747954,193.68962188879445,83.5835504606679,271.77108446067507,66.24557563773753,71.06409817584525,252.81603458183372,257.19633180873024,31.0
156.15484231864548,163.96347307529896,87.41727914664533,92.03452221333389,57.763293417181984,60.74710051246333,110.92591972122896,116.60528469476552,31.0
177.8882414213914,187.64858658449847,73.80106370805737,74.50902962994188,55.987388627540575,62.14332256507412,235.57662900279783,238.27016940396047,31.0
167.02956192153522,172.37429686966234,91.77818974234415,93.57241561192691,66.66620848562131,68.40332595534305,110.78970637636908,113.90328657503518,31.0
170.61691627550033,174.20236822507962,93.86972621804132,111.30088961173428,63.90719782072728,67.01466699409673,97.93025659955994,111.61970038767778,31.0
188.1239006582309,202.11551611915485,88.23414411998048,90.73840269057656,52.943456511690464,59.056419516706434,242.73440199798588,244.14142558572092,31.0
183.2474671068054,189.226411437952,86.88175176046113,91.33629639604732,64.70920126912738,66.36549897386722,247.4349856089713,251.38197591001924,31.0
200.1683246799659,201.06447353995293,88.79101997318215,95.95546166506072,59.37395062679308,61.447916942061056,240.04137661633604,244.07671416725807,31.0
140.85090336609804,195.6472321608339,92.17587025710206,107.55526580220736,63.04459378755752,113.28420768901948,250.87818119001403,257.9382998760156,31.0
150.9467823074712,156.4479902188698,78.48169484690084,82.3994900342127,59.06791887823978,59.84594073358462,118.4054724131052,118.7096573757204,31.0
161.64053194655693,164.1188042854709,100.9313786523451,101.39070536546328,62.964919356416125,65.44411397430721,100.89713529678848,106.57915461927132,31.0
160.47759517003993,171.58773153526056,98.55768856265344,100.7411447405706,67.52178185860208,75.20103839595279,99.91384712096372,106.38796761472676,31.0
196.43668187836656,203.03759330356704,239.9988289619132,259.9899793309013,77.10435887495078,79.42992936991506,100.02927139040982,269.5776838926594,31.0
198.9501377659961,199.9715998910484,77.85452694431757,82.70087046959065,62.28228217134224,63.881124651315886,244.4680684264265,248.49008641507567,31.0
149.67875071809448,153.8714417042166,96.1365739385024,112.53325583357882,65.09091239731735,67.98223659229583,100.09739459549586,111.78467759638244,31.0
165.01779005162078,172.1700915018772,93.78686770994682,98.43245861559032,52.6582776262065,63.97302092257444,113.38514504487442,121.69107505740614,31.0
171.9556591121977,176.63491129195833,70.71813019788668,88.8213988488293,37.02798348023446,39.38864737588421,138.1035645954229,138.63839291888263,31.0
201.27424610939764,201.9095509776604,86.93140573107884,88.4984893826763,56.736958260282826,58.07517228586632,243.18135620421367,244.84032135160325,31.0
174.81794695985357,176.79080798542407,88.41005199477509,90.83665045330528,43.19322307279572,45.31404991407261,134.28659719787655,136.0959114144027,31.0
185.11668800199035,189.724238861762,89.13955481937809,89.36098508553607,62.61221323361707,65.76671072773773,258.9958269673933,259.06073740577887,31.0
181.2423518947276,184.7276789270973,84.71534610138866,87.654252250749,55.20942337616434,58.104999181692726,125.41192435420948,125.6124416319532,31.0
165.42356846630022,168.02467612874753,75.36399350649512,80.99367439838902,49.85779395302343,50.840978815796966,125.41469612105467,125.80885201671254,31.0
190.57119332549223,190.92340614958783,92.6674887034834,94.88313298141132,49.12191524997001,49.832928485723706,236.9722831701347,237.69277001407275,31.0
183.4317581096089,183.5644153243844,69.96814411029312,74.33774406674725,46.04873256550638,47.59536933436129,217.1157513512272,220.3903815941996,31.0
167.3571109111023,171.444066256063,69.91606820164367,72.32756765526047,191.4685561073309,193.4367586660982,282.19677724934,285.7329701023128,32.0
161.08605921739007,173.94212792707313,96.62977071602543,103.57718090750542,204.82833183294807,213.00992683980604,243.98499638073824,250.68077561467445,32.0
177.9053885417035,185.3819111647392,285.0187301000114,287.7799504095281,153.39230817524253,156.13455548203396,75.99125136936235,76.12302692357613,32.0
162.7355023807058,165.7971762948901,62.02795350977766,66.31495914399363,191.93764373212483,196.29296179632212,286.4925850099933,293.88274908873524,32.0
277.02431667921377,278.1333336165169,280.6756018738351,282.57137084887063,142.78751166727886,147.45979838546833,61.91113198660785,64.2980552308545,32.0
183.6855020240555,191.69308968967647,274.8240411088725,278.7602842616725,177.74966393880229,178.90067726096194,69.84706950266246,70.3938823290106,32.0
188.62499966994463,189.4594847729844,283.5978019600262,287.55741207443776,168.47347040921784,170.4997459696736,62.732863075036654,65.62120015095313,32.0
163.37937445794756,171.14267588858377,64.75292921866041,65.36196830139036,186.9101570822655,204.56112305455707,286.57120236309294,291.6444286115423,32.0
192.4931462530036,198.2915583274172,295.2601137481816,300.102833690744,164.50157822166602,169.48774739256112,57.40649373160225,57.85719501924592,32.0
190.57505392715905,192.5724702941636,228.08206165713773,228.24370416717383,170.2642423686417,172.25013684464847,127.85602820615348,129.18371732064728,32.0
200.4775861081911,210.53520666495257,281.1228763035915,286.5612166996905,148.04449842236352,152.26765204320927,64.18897427676116,66.2120951238061,32.0
143.43459849553767,160.15009554563045,63.4869170878173,67.66737412443543,184.524757261184,186.472940675557,295.39702494064164,300.1516409174746,32.0
201.22159535712632,203.67048449031867,254.08505292623013,269.4146617914544,151.8513918772872,153.74072276958745,85.84766955728907,96.93523004082644,32.0
195.1387666238051,214.63595377949216,284.08909768750794,287.1105792245047,182.84676047040665,188.18974852032585,69.51156511132551,70.65174330565354,32.0
202.34771195699227,204.4964536150639,302.43674543091504,309.0039048453791,161.9553894546096,165.02503559817026,86.13725203808849,92.71126849773223,32.0
180.4968518420581,187.00019339620536,80.07804227034032,86.82272266814812,177.8806951617962,189.0806474399096,276.5061896111376,279.1084214199513,32.0
202.982870120997,213.6920169682868,264.6807225679592,267.49688071210346,143.35147749663358,152.72532253936816,69.5056266491242,70.44091782539284,32.0
211.65797082425743,212.26130662163416,316.6745149455025,319.6948836850891,181.0875599139252,182.740285123252,51.95692390705143,53.29386974803319,32.0
194.24503193373732,195.47521856013444,301.6546946634025,306.9775453368805,177.92147479512155,180.00585160645764,71.11076883815001,74.39420522717907,32.0
191.69030448025944,200.2112685261808,292.67746866473794,292.80791218772066,172.89014767958665,183.30025729334992,67.5897524155424,69.98310678584498,32.0
190.75626388859143,199.9690836556884,303.7670047407971,306.6444946400914,175.8740340435764,183.01616368987783,64.15906939278777,64.21710640457796,32.0
197.96469590454748,198.3018986440668,263.2301164544766,285.3132674527932,166.73106276413074,174.8679268516294,53.713584804092456,76.56690035442757,32.0
213.27821247688888,213.6397515585344,305.8011009859116,308.933821000436,233.4330543920625,239.54775231175608,60.80184889234742,64.4896575830885,32.0
183.52574466852784,188.94977428605367,286.9654229890122,288.4119413461726,167.59166063562472,169.77649951942018,82.20456677657023,84.72752752753672,32.0
187.7831395093788,191.3257508176665,299.89218901419974,305.1066962962849,164.53199376297172,170.2681909941668,53.99215602551967,53.99561077600608,32.0
185.6305536326369,191.25886597252668,235.37463521100585,235.8195404283188,171.53104998123658,171.60962990006544,116.42415382487142,116.7749783229413,32.0
161.36625352657376,165.4176314867961,93.2633188522232,98.33935522824603,192.85921489539044,197.9618472594904,247.3396462852616,253.5325263844113,32.0
192.7332380273203,197.507526012309,233.1054458637436,236.16740904549857,154.79144454388037,158.9592602056977,122.2416170199587,123.44089849907864,32.0
163.98892003389153,164.19374217662914,103.11475466258628,108.7766947476094,182.1621501349674,188.28985431862105,263.1042690061027,269.6107815870266,32.0
202.982870120997,213.6920169682868,264.6807225679592,267.49688071210346,143.35147749663358,152.72532253936816,69.5056266491242,70.44091782539284,32.0
188.08107305838595,191.62996207794265,175.74680341572042,178.0121089339299,81.44418331224456,89.62097606193623,51.86665873733949,61.19687805434513,33.0
166.3892471659318,171.0939082808757,171.4091834569753,178.11184270173493,269.64356667593813,275.3516079414819,49.01554853648653,50.53910499329076,33.0
31.120569796096262,58.08642764585242,181.8374768023531,184.08131288228373,242.8179408461804,252.66244017910844,35.329216503687746,43.97903989874883,33.0
113.87071712573024,119.1083993730931,176.21768842966495,184.08882756631164,271.7968602790013,275.12924861615375,45.50476884948807,54.90800531715823,33.0
297.22680394331405,298.49915303468,164.4518478467593,175.6630186242284,67.20991773578294,68.07600347287571,40.84418524468501,48.294986101640646,33.0
115.2197475704884,258.9172239503123,185.16545843454224,190.2129236380248,180.12368310311007,232.87333006060285,10.752773282016213,14.023849724590807,33.0
152.68688231751503,160.6681436200751,162.07494702007563,178.71896370860594,268.54252298627426,269.32922442464525,35.008974094227035,36.37303962462496,33.0
74.3840645074185,87.62410867282051,169.4988543481812,175.8868738610779,296.859355305694,298.49614197831096,36.497252859565165,36.91984834537363,33.0
191.2381143707463,192.1694197237204,183.78975467997432,188.8913783125866,97.5339725518094,104.48010804889716,52.445309441494686,58.62256111872736,33.0
225.66254187184649,247.50946100509643,170.83263467687237,194.05221166259392,92.86144938921194,97.04103737350424,31.078614997840297,40.50945644507237,33.0
181.6893688337989,201.7916267431795,171.215179567864,197.29640298536813,100.2487282093759,118.24052160897506,30.529129536837253,44.78550186575762,33.0
197.3038123748018,199.8286944545539,188.73765401249184,190.38778750243227,92.36625118129822,96.17934661802164,66.41901244918155,72.08022327362734,33.0
251.2628958765696,268.7240389187155,168.39158073052295,169.98451178589178,78.52891709931059,79.87659862778926,32.47137244988878,34.35883771214901,33.0
297.6803948810976,308.4751035850969,168.9140324300647,171.79367947361203,88.02993802356899,90.92162433692296,13.800860001416668,14.932542363588125,33.0
169.17850095874132,173.7137134269198,192.0984989240188,194.30065708405067,293.61994218738766,294.9226492904139,57.415362243333135,61.258586166309016,33.0
190.5515926983272,200.04279658118423,157.40804613108506,158.48443497334063,72.95682847650447,77.26030364376363,280.87693978149963,282.37526522085216,33.0
156.62408551328386,174.74680819632005,177.49635605806975,181.9363811986902,248.8575689672279,258.07586550935287,45.213311587485336,51.38725556713159,33.0
142.11560500605177,154.68854233151524,228.4105929963071,233.1403497820984,284.0083904153217,285.1171504815181,23.09839826721284,24.2990823595734,33.0
135.87477699693056,151.98395396752565,208.21149065548235,212.15555979073287,263.0430018763263,279.4039521488997,49.80612476346729,49.961973936963815,33.0
185.5178260057391,190.97686225367505,185.03463119420965,186.9797098690612,89.7902891062117,95.58211407794754,75.77675208037819,76.34882535552642,33.0
157.2852997206211,157.61452895766186,184.28180178947,186.84085489993544,319.4271753559396,325.8257529439188,73.69389956576384,76.04538586525436,33.0
166.3752382479668,170.5612700777123,178.5873742920035,183.43420597050243,253.99292428228728,257.44728103509016,58.218830655453104,67.84638807905837,33.0
174.23562959328794,174.64944867307628,205.53329870235493,214.5285884711496,47.92099542001806,50.80801981878197,63.34983074864517,68.8509777004488,33.0
177.75369712224054,196.87684777397723,34.653143993795204,177.3199373077674,56.35103053875105,74.67411748958845,222.82919300507416,273.2133887492316,33.0
165.15078288891277,179.8337774706725,68.71426372686923,84.97351714642616,272.4853353662875,298.06703619309417,216.22252629652104,217.548935657164,33.0
230.6670827771792,236.4680239388113,167.55024915540892,167.87860968415427,98.04064325116482,101.5338756669138,17.362607438748604,17.63072995588953,33.0
127.7116966796946,133.81285660112815,159.0179308435088,162.50593541390222,251.20632952938232,258.5900654291411,27.72244146027361,44.31384662595308,33.0
86.9501516286362,98.37813216102258,173.87528302038547,178.80526882853437,256.0099046032128,260.0708345741665,8.342087691425322,10.133677138409537,33.0
183.8885006963624,188.42331211041048,147.6726403024892,201.91559904119848,46.1909380992437,53.677317196542674,248.3528545726828,275.67099702914817,33.0
59.04766608532283,187.8620433981324,183.8470596981938,187.6869016712064,87.09818484806183,104.67676835159236,60.88090319003086,194.27721039584307,34.0
3.2901013469854155,185.7065189422609,184.14773115568423,190.17800479453572,89.44440390781531,94.8096587139833,72.36219793877757,212.81491653868449,34.0
166.04546227618792,172.33535166307237,174.92624629696604,186.10260937510915,95.2993876413774,254.36110121100376,61.78957709544986,181.6606630534684,34.0
171.18687483442935,265.50946870893284,178.38833674914173,187.49088724530893,58.74508253696125,102.03074331530864,58.580956602215366,174.00733507037882,34.0
93.56766753716464,191.1820648926096,177.58371088627482,189.9512008573745,65.40942454682543,95.73450617666438,63.79985253872772,185.7364453023936,34.0
73.9408813580933,181.84799154434808,170.42061053603672,183.86890218463,74.35710885283234,104.07361924644856,64.78059473749981,206.5425448923707,34.0
173.03712103252576,184.0722329185104,165.40782938497182,180.65568487437568,107.26706719752292,262.93633858338126,67.26784470616997,175.8656131316371,34.0
77.79088275947575,165.97968064403898,180.2705844340499,191.18775197710468,62.948445663322616,80.36623319076556,75.9134550341461,191.24966662999884,34.0
184.321844763556,185.91504994976435,167.57542261344312,173.98045286316147,162.18066377477828,269.81727085661174,80.33825096091455,147.0756100528805,34.0
172.60121961147516,174.02033331910022,179.7449385333588,181.05963342258696,91.90138350074834,253.3122466621788,62.88636628694534,179.85503032281056,34.0
181.0506992382928,288.2498902863594,169.28823585328243,174.59609963013773,75.33907452671512,97.8202842763136,69.2247786484255,166.62006436391516,34.0
188.95875762025003,269.3974369476676,162.89364734482933,172.7087965550701,194.98960233970536,204.11750580566624,29.95914547434202,174.27075833526294,34.0
138.0121086959702,171.6216687851811,170.48601588721598,188.99752080764992,91.45225287604649,148.326420743576,33.80169335701529,167.81881544774063,34.0
175.67253283429014,273.0575130628292,176.7701527706185,177.65870567846508,53.16347138529704,86.7832919541434,76.41151999229496,165.38076358656852,34.0
168.71810183055916,184.15307607510383,165.8792928546767,176.8022790237523,69.5993609089944,94.24247362830194,174.19958171671792,272.9608180140279,34.0
170.16022154980334,170.93453781580283,25.64150684128878,182.70951648491285,127.53459916638305,268.11270247728174,48.00711267293057,172.02240076612625,34.0
173.73229751034677,185.60217733744864,177.59353185082924,180.8893520756107,202.15352092550447,275.4567478434547,81.96667644560858,148.3429938903639,34.0
173.75019138862115,305.56308752430834,184.13203519084533,192.73991017283785,87.05212844922518,259.3634369490334,53.48965096879613,145.79902358967888,34.0
181.69579754596467,270.7049575763579,175.4810354875427,178.51371214407357,64.17361698114956,242.753066887156,51.2417362045162,177.89085353156025,34.0
30.380318487845848,75.74787781782626,179.24212917400075,207.33902985391128,51.70177980452106,84.39622703721038,5.654920552888268,183.8032021523045,34.0
173.15791152405478,178.98741119296807,175.0084506747791,180.3932919324898,124.65264738778492,259.439431573113,61.22537624454054,154.2387035169488,34.0
176.23737785419996,291.3711954212352,171.1641888279547,175.56240358216274,73.99806238271093,272.8074204890696,77.81010954721438,161.1552598973287,34.0
170.97557280371322,185.77600115714807,176.2228893423598,184.56522564524525,89.05590309297494,111.7029787136972,63.820428314512704,171.51390890048398,34.0
176.6374744561776,283.3108551655068,168.7019393621351,186.84822027243052,65.8087590570253,84.08442342115761,72.65565000230487,154.57810227594044,34.0
171.107655336741,199.3847369407869,186.66552140654343,187.55698783251216,86.85103306769567,114.2680881020824,61.98282004724649,164.90283550419574,34.0
165.8342380372517,178.54565706887925,150.58750250844952,176.6688422661382,210.88519539600875,266.4330214225219,77.1763150120055,171.11480477359163,34.0
155.84489533032036,176.80278720085278,182.85869693719857,190.7190769916517,0.2384704443051347,100.46177485901602,67.90962426687115,169.9064896177694,34.0
79.4399345202326,170.7235095264168,176.77745859641846,203.6231740742024,57.83631994545275,86.96178235012688,73.33170761849465,187.53643821687703,34.0
179.13048256189722,267.6522917839304,180.7140685822616,193.0074216977461,69.61132724381602,262.9091036107447,67.2235698254664,155.70938739559446,34.0
94.77289247171568,181.5592674678809,176.9016508588749,179.66412352891288,66.54954078772921,96.8186695230847,63.81974038875838,193.6961110673142,34.0
171.2904988973509,177.68691171030767,171.3615574670065,179.73208415977967,142.94230867466803,256.9661356758631,62.25522570898974,156.52320782414986,34.0
173.8699043800502,185.01251949248115,184.46323850611725,184.880590842195,97.83618738864874,240.1849224576959,60.67108183052933,196.43025735477408,34.0
175.18371787894245,264.02285380056173,175.90937061834762,182.6484231702345,68.9809318557205,271.1131268891839,74.33948394140845,160.4807679354335,34.0
43.72068677391111,272.53031059976246,182.6429112343514,188.02506393368444,34.199050709478335,82.38914968854071,28.04879362852701,162.44808462917376,34.0
175.476009483436,250.7924187011238,179.73634429211324,182.3501452703996,60.2639708672022,262.62358153817195,60.27579740696926,167.34957962019473,34.0
188.6984589720486,190.9939253575228,173.22486919303628,176.7185809567518,85.393847404036,104.37819918000486,68.58324959359085,179.43915063019554,34.0
87.74763612130147,174.11547618568267,172.56122018807687,180.2493336156765,69.6577611019267,92.2004693978522,65.7433685632288,183.2004540952973,34.0
81.78437201203691,263.6911404490376,175.36905902912235,201.8806894571161,43.9755606774086,57.24819678952691,36.39544879416263,168.47069291823428,34.0
164.4628073308809,170.02307440094492,180.08743674161383,181.94302605572628,89.203468999285,100.30184950837396,63.96316416084421,184.91472408458608,34.0
93.82182212369769,188.02248954981104,183.53740603952605,183.7249239696357,64.21444070045285,95.84406336697435,64.25308858600165,191.2938102250332,34.0
182.1129543709394,260.8893699615987,173.79162027614714,179.7622471715683,63.48428648378982,79.95909755334455,84.78479991159544,159.2008871789855,34.0
139.48664862397996,172.11680564050397,179.5936609099029,180.6854392280118,85.58028145199678,99.94083748297996,54.49354297193042,177.5269641118804,34.0
180.69253848864844,256.5571199909282,178.59868233504417,180.11892716376698,55.50841491889077,252.1334790753662,57.9036637074887,169.89841741543617,34.0
167.30589875657336,194.11329476995817,180.411829905504,183.7736290070746,108.70639985990672,268.264648807973,59.10637971368333,168.9811093544995,34.0
175.68561942047108,192.936329291532,174.83478634346037,186.8655626460504,99.98577492940444,104.75480475561224,59.26945309168536,192.9433919070024,34.0
182.0701280353777,188.3080371805925,177.90391121953945,185.60874877887173,90.2275033025864,105.43693579034031,90.6424870293484,201.17209785128563,34.0
176.017542601985,278.5807081937649,177.3246965846507,178.93864271654684,65.98696502328903,104.76766469373432,97.96323918419569,195.90960065932947,34.0
117.12229610565834,179.1704514050338,172.47956334839904,193.3447397769933,58.82441665847141,112.5334443193525,55.85939885797773,184.66965981688097,34.0
177.38542897473155,290.67537344866133,171.98445442891688,179.5705593239294,72.32144767760704,250.85189900133167,61.337037795152256,176.1601196240067,34.0
170.7699299251985,188.52816528268767,183.60093395703024,185.90184162593613,98.704948509102,243.1619909030544,62.47056215109309,188.9863122863524,34.0
172.12429889309772,182.7280884363774,174.25650114134575,177.2669637949314,127.43946556961885,255.24517623932817,56.36194920833524,171.85222346088628,34.0
97.34125933741794,182.77101200004583,177.120442678199,184.61498809052856,61.68073402662195,92.53726987005196,63.54405449178382,198.09210127760704,34.0
136.6664861594832,179.96154003184367,175.7318102715188,196.9880286159304,38.11716536444035,116.29391278364236,50.53518566942174,182.4122154539811,34.0
175.38796223768836,180.93397300848312,177.45278868006824,184.5799198544521,102.39110717886406,104.12841378305237,59.634406917887546,184.1638659921768,34.0
141.00207748464118,237.85114512910133,178.46267935079115,182.283003865249,30.66517268389997,97.35034102204574,33.79980783443075,189.76741449281977,34.0
173.2373350793777,268.6502880355622,176.50439003326397,180.21924826121045,71.64143324793402,268.6650021564184,67.89720369773883,165.05028176124227,34.0
172.08010969982507,287.7478465175696,183.18107676351468,183.54444097998407,73.06943363135365,254.279142138773,59.184893341372174,165.88751134502982,34.0
139.6981872307423,197.52155803417108,173.0105169710677,177.71293440088385,37.82148898469445,105.77958941496532,49.78440753402046,189.96640675330977,34.0
175.69035043719424,193.61384342849195,180.69390082115493,251.31834691869489,47.320200056008304,169.63071922912965,57.07329008666371,172.27609855060308,35.0
184.385774738493,187.2595589905008,102.88983462558323,179.83306598560074,68.57143150089857,124.34320466368273,184.2324531622396,334.6417554202968,35.0
171.53534502145982,171.8268186649775,178.37267812047716,261.38970195760527,66.90619515152191,188.34603709420983,29.22329521178809,174.16859878289878,35.0
87.11302380632915,159.6362707638124,188.61296344321565,261.1724142292892,17.303094671969287,38.85646594207403,28.42092041947384,172.41149586354874,35.0
188.19639344650253,245.8081371766992,98.43093300992284,181.8581493359858,51.15151124749934,187.53178755150967,166.54566616098535,319.7474941078999,35.0
175.40370818101047,180.9404387248437,186.52353382879377,262.9920326487712,54.61132077492574,149.79047619266433,44.09213644824807,176.80004093047322,35.0
173.28472755241532,179.18120283894504,182.9339523140984,263.3987022878327,41.95960174550863,162.41830415482008,62.081183067613125,200.896347366198,35.0
159.1355990061886,187.1173749487522,88.75876709820452,178.1924611393026,56.78715323696756,171.38537749387493,23.868862596522227,186.04169353182849,35.0
170.87933801313687,181.86969775956896,190.5828670745717,270.7787965119458,61.47375779028196,171.29184223558664,27.33468934327724,183.22907049025585,35.0
159.9851309950806,182.8477950928014,184.40567210684287,272.52139512654963,55.64018231518001,177.22903811174714,46.34018629206373,187.15909118601192,35.0
163.78257020627356,169.05903130495605,185.70800620943265,281.4875920637686,42.22002892759061,207.74320609572663,52.53246454720026,183.0411900649318,35.0
181.84920263140137,185.2517224583532,91.57011404723134,174.56957837210868,69.14510561347691,171.78262419400312,192.71659022109307,329.64723068875423,35.0
182.04936406638163,189.6386713170272,100.26790148252567,178.89673490796812,62.09610992218454,176.72576307206228,189.0230392102098,333.2068404331143,35.0
173.00673607570894,181.29801418459616,81.53061681738954,181.4560354836102,62.33600316581492,179.64561295009048,23.38830806045862,183.58267466558885,35.0
177.08274581913628,185.8665383696257,99.46203178748355,184.5562162265988,47.97394878461185,182.38390831084448,175.22315609720152,315.72657239613545,35.0
63.33351422545542,122.01752374774092,183.21582956890816,256.2931472432442,23.15218294192202,49.17737397554736,32.79230392243271,193.8886815427595,35.0
187.03489627517712,189.2827580094188,95.58250509172424,180.42511198647776,57.544876199146415,186.30019371687047,174.62038226124577,327.1405674378817,35.0
164.1101601112852,170.3779768492886,180.49670537805736,253.8106030461713,62.873359110377805,185.7977757985012,32.02686699048056,182.7913701850806,35.0
177.2663788857453,230.5104164571837,99.41141156015192,176.5322558189459,43.64923001244764,189.7308105870319,157.78590052164895,314.9259540841126,35.0
165.56248952503614,191.7632314237912,119.76684844176772,171.92176459575484,46.31746133465475,174.0410314244429,187.65346620887868,316.50732135603414,35.0
166.5101734628164,170.93380093982324,183.8576931251767,252.27054819288315,64.8808696406398,245.44517118588405,48.20513654139951,158.48601497806158,35.0
176.01609652936708,177.19696555325345,86.46132627177043,192.51891596211348,51.62788825454,168.23252140181097,32.46996753140467,186.6149747504328,35.0
172.3586394583925,172.9645453707505,178.88517325993612,270.3675042652935,55.141978470595525,170.96092388292064,26.7644387153264,183.9647603981209,35.0
52.21578753702205,56.83231272668999,99.6174517304368,172.4316299783457,53.74325701260027,88.4289591033816,183.64412450194007,344.0684008216997,35.0
185.50704428045205,194.1368460969865,93.78650175352406,178.45491734001638,51.92933918155115,184.821247893548,167.0884964474194,320.072281030502,35.0
178.00589031740842,193.18919956687108,83.18100824116492,184.096911633179,66.16639386113361,177.6320484952691,22.375302182134675,164.78395773559436,35.0
189.29500361345745,204.98548860484783,103.8036640389332,175.5693551850643,62.38983328581759,161.88287342652967,192.0297862145719,329.82971080817407,35.0
181.3101283719775,216.25248312571424,180.8140829315269,257.9099281032111,72.78584282285978,174.95779656240978,45.32656009412961,186.16706503898715,35.0
159.75665200781393,227.8665099143624,183.60396843560912,247.9081177999131,43.19810883284743,166.76015255484413,60.743166205482645,190.100066042316,35.0
179.01500890839318,183.76504528275944,116.41097243699444,178.17634661126547,64.12519258092847,190.295914252614,183.32119481715887,308.37706983027505,35.0
170.19149916184986,173.63519622303423,83.71187579732282,202.14216551659163,63.62558795176639,166.4696519328409,20.059006106654337,176.43198498728069,35.0
182.2124281023428,186.61708100946976,94.06471189203656,176.5988364006826,71.69955283045431,171.31410820789233,189.86328809608435,342.0749304221373,35.0
175.28502687004587,176.0046183279849,82.8963813864774,192.2743066583908,51.96438437954588,170.759066333406,29.10450973226352,185.3514873147334,35.0
190.803993701919,192.68189914531547,90.9427245906924,174.9341296330352,71.93263995151679,124.34334244283374,11.210801158894585,175.09218528310555,35.0
193.4814227743016,196.0225956208258,104.68989554167044,178.51403099462752,64.65358076388361,160.6262016919053,31.223672818744603,165.69738939624546,35.0
190.0031880973892,192.21205360910903,93.50460846966595,174.34553575089157,48.02139941685725,196.08698600287252,35.2467349714783,172.5515554968775,35.0
182.57665005518112,209.7908406097561,180.03997902379027,230.6105918049444,48.697691010075886,172.5574925074757,59.74196403709804,183.59482059975213,35.0
177.23922918867814,191.2057051420401,84.32803153873995,183.5865199895996,67.80100909210202,176.60052494164242,23.302730582410025,165.76387321310963,35.0
70.74589742765016,188.44193295246265,103.86701594508824,177.6014607682177,56.02432070765548,171.0168709479187,165.97069095830264,315.55845085567614,35.0
194.09942520007905,204.87979834648272,105.92302705082692,176.9264373712824,57.39646608060945,194.1592890150934,172.80356804813815,307.9578643807672,35.0
186.9574027035816,191.09727143571428,91.21498133167825,173.13284936947676,52.23540757288448,181.68798856217893,180.83940944235093,326.1865855146184,35.0
175.14017099946807,176.40366605182749,187.9048461719445,261.7034651475204,79.2906504118411,175.6648130780341,16.74396070666531,166.72718604701183,35.0
55.90243993530394,211.31902363181385,99.16196773713035,172.56093938994593,30.909980032664023,107.15702714770616,194.82416136354445,294.82732120907013,35.0
182.55557540078183,191.3020337076976,120.51947977442413,179.4303981471281,83.91517085167744,188.5202110748101,131.58414171933015,289.8134185527569,35.0
176.88415162967695,181.2912648254672,95.11316284793402,178.3450232278624,65.34643599262303,197.3656095997192,172.8536459019433,324.44759655792944,35.0
172.52020384956103,178.84915747707902,186.7969376362837,267.4259523712081,55.54220014469969,179.73019376866702,31.768700900649367,185.96460998435137,35.0
184.09457132375533,201.90190495308107,97.94661443576749,180.41474828208607,72.28938678133285,182.1865984660471,180.505953925624,333.1051916541777,35.0
55.48948236337915,191.78522617022065,105.03257694302944,179.21035243371335,46.63009388728525,187.3143190187668,166.215909980737,312.4552221665836,35.0
180.73635685645172,186.63765801237145,95.19591651800772,180.85132936389968,68.60048973690029,139.36209618052456,172.52564153173134,333.4442062703083,35.0
175.3088835359438,185.4957523215531,188.4062945769295,253.20238133647044,71.0131542073084,154.98307930005353,29.72581234540324,172.63540796521465,35.0
199.2066992169204,210.356039277966,143.7504810312607,178.67657320171395,51.5089745295252,189.30692438888417,158.8039004301382,278.10852022407,35.0
178.349993851298,194.64173494171567,79.68352951246105,175.22629620630548,57.61601949969011,133.66196402378634,13.181345615222751,168.59363912168283,35.0
169.4550594860726,169.98844152658478,181.8238432638492,247.09032634656128,85.05409226246789,238.52262017842963,33.211111522516454,186.28819115483373,35.0
183.1627940481356,188.96901718612185,109.86980825258274,181.3757850342781,81.50126092582994,179.10284814304893,191.7270147101152,334.6149585879753,35.0
187.569075054852,189.8154585376286,98.2975060406317,176.78990204231303,79.85587577726716,126.24346389786882,182.5127883291224,347.34635281457327,35.0
127.46458759325624,161.28677699569786,178.62209599494165,240.6305160314568,49.18074922658738,211.03369318830508,47.7717081877629,190.47468585593705,35.0
192.1871539930605,200.17215855059405,113.56935431425912,180.4751280561652,56.40114748785501,128.05965819954463,185.5739334643627,316.81777997465315,35.0
172.1522339880382,174.10376138028522,85.30314711841898,187.251197087774,67.99035517380712,184.01707177618653,15.512820904649018,184.2517446314692,35.0
184.6919042492973,190.94961112866204,82.87465009578779,174.55160999664446,55.72229584005517,151.6753537228275,21.14851965095696,165.91835480779594,35.0
177.05218778250108,187.3478679557154,90.52679425662544,180.6845054717804,68.74608974290845,184.5586329202412,187.6242081067566,346.10821735657754,35.0
188.7185714671876,189.435998868156,98.64759028803768,179.15263896257204,67.26602853324103,165.28772882507698,190.263642625828,337.01335703435694,35.0
179.17339898127918,193.6887358096552,96.908689989564,178.8573873183207,64.09376114244539,191.4857749984785,186.78145691744209,324.43757462601724,35.0
173.8479535841943,179.56856891305205,83.960304929586,199.31920763088675,66.8906993918476,166.08695230758948,20.59994954230036,177.88896994283965,35.0
158.31556437087025,221.0383412210452,178.87416106269836,242.7831063850539,39.25811717847442,166.74178782948346,68.04025841788898,193.1668897114515,35.0
183.04500939071133,197.40346959427484,95.5180415331402,173.1835816517017,70.91950245841805,176.4980164164615,186.41708556689548,345.85737114960625,35.0
181.043757204056,189.237325326012,87.17823163042166,186.4742715834801,61.27921197704355,168.88646081757724,26.57908335954793,167.8033583840901,35.0
165.3170890501618,176.77814721727128,83.89894537352559,183.6976574568884,68.26964741651119,231.22801409108737,17.142528262568092,189.31763503390752,35.0
169.83838338194371,173.2821523223731,177.40818270289572,181.76045487101496,72.48983467854902,238.48912178960023,167.9257707127431,176.162672771358,36.0
37.68347323022252,183.85128396266128,168.68823294738982,178.4612746964663,20.532381973788457,62.4866965342928,140.67145545414513,204.9829513241424,36.0
186.1436893096528,186.8564514363127,171.65586480665783,180.6251761910597,69.85817523966195,124.37046026437292,146.61266894561166,202.26319400076784,36.0
172.9912926876347,175.55403730337022,30.96567699790973,184.5272477667565,85.63792266093951,247.2082911469659,130.01981109990027,155.54561826087615,36.0
179.35443735052357,194.6365745981658,176.156832427699,180.7284165322432,80.34822813327109,119.01382162064174,184.83524131456244,191.37821060704465,36.0
179.9496927123903,195.6068549492273,34.37943388828439,179.57182624905343,98.77861717603533,124.96512223779992,116.81066491978684,155.16595472842025,36.0
180.3529675251628,185.3592116853473,173.17905010956682,177.93744873887002,79.73101418820369,120.57786537628591,200.17662668130697,206.80523213730743,36.0
162.85086183008872,179.06352682742627,177.7940690257628,183.0797348536193,86.67034084796012,248.31112935816057,171.9933740811982,181.0062995648173,36.0
182.57296429624265,187.4724165472752,178.62485433255793,187.5935153379575,79.3244054644995,102.733920195572,69.35117838255091,206.7072466944969,36.0
183.63852927874305,194.83366945216136,176.1922300157766,182.1372657994284,86.7073822779839,108.5732246528932,190.9330195161687,202.2251525155624,36.0
176.02974744188998,186.7145407183613,181.67528717518616,184.0923374642651,248.30784713116103,263.4554127771019,57.99595622725735,123.49135948743348,36.0
191.57591493866096,192.00350780630163,174.37743628263277,174.96133751715544,85.92666186494054,94.28516986559212,188.6701700051252,195.709933503746,36.0
195.25383486001863,196.92158128381,173.8994275617011,175.09475142633576,66.74283118902417,113.43020322603684,188.072969654943,196.3913758810856,36.0
187.97842247815728,196.0836496236945,175.13729099853225,176.08141976859875,61.3025804825087,121.0333940369302,189.22620916085552,198.7876358161804,36.0
166.8006394275399,174.40967457593513,178.0499051015468,188.91541737098245,65.02229078745083,243.7411839419776,173.9949493982052,175.78297868195867,36.0
172.91858871891495,181.4614160981745,178.84621319352848,186.1289051547743,69.29282517447515,241.8804761270079,179.8449862361831,180.70760289867388,36.0
162.3490133346854,182.36755548598163,174.0629406348629,180.5475063506909,40.804436663516086,217.48461627734667,14.851905375137664,203.03110303751305,36.0
183.96721168521373,185.3307054857211,174.7966261191412,181.62177431935768,72.2669280018274,120.76782171594893,196.3813738524757,201.01976780790852,36.0
178.4945274524547,183.0334196343461,174.6959151982776,182.118541392342,91.03969134204226,98.77760265109504,59.71155147935199,206.79562971229936,36.0
171.72083625039878,177.42211798290123,179.81576753462645,182.88747999071632,76.8397343573583,231.205342674026,165.8256053734129,173.64723314944328,36.0
175.67858918888413,182.9512377181161,173.29364325993978,174.04795064230368,74.42487663671884,129.97416442482418,181.10677742996825,189.46264544919924,36.0
185.5727557099143,188.04730893387452,178.43009491493376,180.83899043760843,78.2620135691005,93.58763379359073,63.72128697732119,194.6918378755373,36.0
183.9336042076332,189.51233497622007,186.507574946022,190.83132289102105,77.67515310733737,118.77883491175648,73.43946746377422,127.19237422930112,36.0
176.0305803339361,187.92168902097995,177.28687099376566,269.45320361401554,68.95286910788268,138.3341907651859,157.8295047102765,184.0812112869196,36.0
169.79933426843513,178.03332877629782,185.8523356459017,189.67600082734828,69.7538730945734,229.6045883984215,162.9548380787363,170.7898459903987,36.0
181.8055718110249,184.26292154769047,174.70926907520786,178.13762286669402,77.2640023033047,120.27363581572222,191.50722708275947,200.1692140391756,36.0
181.6530722872681,185.61338050521127,178.03399029650097,181.3979434344932,72.91323325762592,110.80293179349349,183.6169575986069,187.65561323897927,36.0
169.63991296215602,173.35296542619815,173.13049016717443,187.22869448878,95.00780796490896,272.6664901074778,67.41018407766732,143.1045428623901,36.0
191.1269601711201,231.77471864936064,190.83206858604308,289.43968053905104,74.57132682578558,113.12305199201462,76.62583163837473,189.46890698121305,36.0
163.91954708123154,172.09785097942446,183.51418786226108,184.1940082939296,79.32675127546554,248.6676501705043,162.25000078556764,168.0847078204484,36.0
179.9227457064751,190.74009062794727,172.09092045994532,172.60342852365432,61.40732470393621,130.70907779053684,183.60430277493603,191.12922683174736,36.0
194.30043751394084,197.41228911224445,174.7978064924784,178.32391542535,73.21570542025037,128.55670459824051,178.22304022612138,188.9978761640716,36.0
186.79375657120096,194.63552926090605,136.510885661264,165.75395999989098,66.027762760832,123.80193319427984,186.67202715273416,207.8880492573564,36.0
181.4765603332704,183.14627957741752,176.597816526829,179.84354332678922,90.25238995109412,105.05075363922688,54.89069119343645,132.15468601073354,36.0
166.20062435203718,172.10537583376342,178.44605790812528,182.9913401605551,93.77240072745916,254.37582187305097,148.38096107438054,160.8735422359058,36.0
181.47653866363817,199.6608110233762,170.8439353243276,182.38384710520543,60.550927782637096,111.62947199598548,180.18982465000565,187.3692504190749,36.0
175.76968841924932,177.8070111513431,174.46216670667334,178.09745692883266,245.20522044351847,264.11007874415435,60.73029747431519,131.1147789357146,36.0
181.08871956184487,182.91574583315864,174.09561743530207,175.56485662029635,75.68471467189455,116.7938770241146,183.21339233990065,191.726526488239,36.0
168.01884600105754,169.66180076766332,180.7752669477363,182.23314612486223,82.13087735081015,242.5180225711003,167.59838261292734,174.0996094732343,36.0
191.69399785745264,192.9126366217828,175.42108648693244,186.4018602519879,68.68051953533384,123.16204017675868,191.0247240747311,197.81609517670185,36.0
173.95624557888988,183.5693175864627,178.04379411788608,179.45009369365846,87.17867720666703,240.1015528604888,130.85590696972892,143.87927815567372,36.0
174.34697880555396,176.73304809971194,37.35443356290629,179.8985719838326,84.59911163805866,240.84155097447723,110.5437439817142,129.31316486373265,36.0
175.76242127810622,184.3703866046048,67.28062456343501,176.84993002703297,88.50665890347821,106.57052032805473,123.849115629533,147.63446786703005,36.0
191.3023704194744,191.58253856786487,172.64572198868328,177.12159816631646,67.48423175410689,121.4331008639962,186.9528459804588,194.387142679288,36.0
176.01895318812709,180.55551435211245,182.48618106064097,188.17936420161217,90.55003438585128,114.24227210443551,67.99142830556453,135.06011413995915,36.0
170.77361432547087,180.8002250935467,170.78826675034324,179.04795748731513,243.75793823458403,278.5625461367153,67.819761125511,136.88535215563428,36.0
183.26674818151332,200.7650265376924,178.69351221903673,182.3390022574903,86.2123128844223,91.74190653791123,62.92667171880179,203.5721192684445,36.0
173.52033598490124,174.34666734339004,174.61268234110102,180.48118193608752,234.74705391724635,263.48971377077964,52.34796198775656,146.81314127059744,36.0
179.15031202565626,188.5382316032906,186.37183958004508,188.86670404103447,90.98090626636566,95.48300129360211,64.17570916423232,203.5021689500597,36.0
169.51814895682685,182.8296538695032,178.20072257862032,183.1701677763185,81.62113137400209,236.8184142510133,172.94457589177762,174.79101108277914,36.0
181.5689916295745,192.206639397795,177.39889337051582,179.1542760314455,78.5749249907512,109.7176371981796,183.58597819603025,191.5763075103843,36.0
179.95538900875678,186.160271348104,181.84352617061748,189.37948816391625,92.24706252889096,109.5090799596078,62.26259841153141,134.9113908863546,36.0
183.46031225344063,190.8612168967138,180.71530580638787,180.86735006877404,73.902662373949,109.171957763373,173.15544486425912,200.90923729473337,36.0
174.4580065489184,183.81856355483328,176.94046561224224,191.33832794306207,102.55665033354371,277.6956822421421,63.54437739028507,170.7758897720915,36.0
175.41504652701306,180.6040270301707,165.9213074532908,180.30577749743773,94.92710430959916,261.357207943291,55.28585712181846,167.09687301464643,36.0
169.8661871418442,185.48648047402764,180.1701573470576,183.0158309686908,83.21423556392543,235.3414223870222,158.33284960204648,177.45581056138892,36.0
171.1188508167,179.30533497821634,178.54372981227613,182.079236635122,66.1406517861508,235.14046469796665,177.92528885567833,182.8651185122944,36.0
176.24074640646128,179.29983822523977,186.49840106570508,188.81711201569576,78.87901444150133,263.1368221825508,55.8209027173449,152.06080925717708,36.0
188.87374651166024,189.34744702758297,171.5961972664422,176.68843282295964,73.27045029823404,119.65896258166892,186.4935485516205,199.24558323661293,36.0
158.09400882649456,167.3640791054467,180.8573899679014,186.0396281966026,67.17852054586392,248.6379439859403,166.28742338599264,167.83414531489075,36.0
187.5677703565541,191.1706936533004,174.95485876490363,179.52070864723188,70.06638827705635,110.01920558161645,188.03072151001035,188.6826413790585,36.0
182.03889641649124,189.1103754664024,169.27230633327517,187.62758020315312,80.38443769081358,89.35876618359084,68.79409645825592,205.63542637856955,36.0
167.98317774526282,171.9604485301088,180.1079840566836,183.4922923456586,86.75351384564519,241.0297259983972,168.77385265100438,171.16207089145277,36.0
173.42892786550374,175.88924776161664,150.8990758362292,181.05800099574893,78.37468672272462,242.66650447627327,108.29955926316974,171.76652239520593,36.0
173.92421011142977,181.4653422313313,36.77244731627838,180.1642147050649,71.28928662914373,235.84623298655023,147.5155166273788,178.22854982174692,36.0
168.99757691812175,173.4544960935481,184.1880830313627,275.7421722503763,53.36726619534424,129.1483347628176,181.8212213451751,202.1218914434307,36.0
191.9126798927017,199.01445011289192,183.87753585680863,233.00596708132656,69.4212083474057,106.4466761175908,191.95931609310625,194.7712851535512,36.0
176.76684572742053,189.69537262229807,177.0694978064553,178.86602748687173,93.02127006838252,97.81586907557204,178.50445729580545,191.02636121935177,36.0
180.85124840334487,196.99688796144628,179.06495940368265,180.65209843838136,92.39859117433048,110.87009445829756,203.948394312273,214.82066689203148,36.0
188.2584428236464,190.1922502808896,169.7901356582436,173.1201930717979,74.059383284007,120.17696381103129,190.1001417865255,203.3086488553267,36.0
183.64938789784665,185.95882950256768,172.80399600097326,175.69718749987624,83.40050038813168,136.5847012327705,203.67215188405265,210.47454427909025,36.0
187.1081541915176,195.33482729008287,166.50867129624282,172.6617472558968,51.68278895386602,133.35013787146735,187.66000361009893,194.70215209258183,36.0
178.1551473505399,178.99246993319946,176.21626593012743,188.32715688497143,73.28989557193867,233.70470220347363,161.73841151747936,167.74514044878086,36.0
200.7042803296948,201.64700425595296,174.70572645837294,178.156173275703,66.81547733176578,107.2873122334777,182.78070723267103,188.2376715708185,36.0
189.5972334275177,192.6075231549884,175.64441493417593,175.96628326469423,57.4449708343709,118.10475593912685,189.1623650701707,197.9682320896336,36.0
177.87019792437144,195.18555217361023,180.38404046635492,181.49482909645812,98.26098192624556,102.73631896754914,199.8956391213772,211.42979580339448,36.0
47.52601258269715,49.4271686335776,10.97464610767163,194.29614525572487,47.58467216388438,57.91575137967452,154.03976654226048,270.4166483659026,37.0
82.92340051289702,266.4273845676136,25.089345900627155,202.9801038360818,174.04115649813875,211.33867590276392,156.77834186533215,253.30847418241515,37.0
33.02903374713613,41.31250699172308,11.435013488468632,178.33729366629777,56.8396429675299,62.536496567597815,184.29306486535376,277.0371768258089,37.0
67.0203954918207,290.9312497003687,15.209534958435311,174.92251022119822,77.32155914822124,83.74849727944361,179.21134581298784,267.1569136160141,37.0
36.83041979227098,51.95217013691608,11.43811780152851,176.48008499245543,27.688827268306124,47.29461859800223,181.77339913975152,271.0817997514165,37.0
28.95841112675357,58.37607952859373,15.309304697679766,176.52463174817714,38.81746611141772,52.07358075628858,171.58610189389304,260.6378706349175,37.0
138.30690933929995,220.5717497706909,10.638696514368156,195.00349867552904,175.60050217598277,212.13693807050024,174.48986565503768,254.4668026456829,37.0
67.7215481158239,291.42568961108896,10.635951787737056,182.20281174555333,137.8246325470011,196.45311344461203,106.05068719262675,182.8169204841477,37.0
175.48544382503346,206.09392083007373,13.929033522939411,174.76355548283678,171.22308638650546,197.20931445678767,180.9205105117988,263.5110633988214,37.0
79.21765427922242,281.92155780697715,10.785239219363028,167.33234610138788,152.83270199616382,193.86419717927544,94.42947906561618,183.76955984144092,37.0
20.939560850202987,24.1074407258492,16.093563324927786,183.80173160578,66.50489435850271,76.07945704329137,176.11591518228065,261.97533791456453,37.0
203.13968915272864,243.2721294534252,165.30494572597857,345.26761816485026,0.0559949612799905,175.63958549205094,75.47659725054608,186.0888754087304,37.0
119.29738860311404,236.0507386222021,13.81530103593462,182.909368683126,11.665953651433236,167.4823132806131,182.25665069573063,277.40672023198096,37.0
105.2886445742849,255.03376652143336,59.3497209245327,170.41923138182707,182.8184669780381,188.67863043255457,185.8600263368124,231.5994542727492,37.0
30.75203708021937,33.28910098912083,40.202718874587056,191.2885384665753,57.28653488775359,77.33044791550387,173.44313663955205,261.7942293721774,37.0
33.83630130732124,39.63343671701715,22.300414434810254,181.4396955614571,64.5579456427156,65.9328607017468,174.88985223021635,264.48482512564544,37.0
14.945450955044658,62.52707610406226,14.914543651260466,184.57427604652872,32.30859735802464,61.20100656881632,89.30002874219906,158.13363741069597,37.0
141.81121779874667,190.0784651905649,10.11495154459469,197.5830508356614,154.62626506123598,184.3721121959732,92.52534503534716,147.1360027180471,37.0
70.5241166432968,289.9548047094148,21.12417830069063,193.942714056972,176.86527489728152,213.6674964270793,153.01371387181572,260.445922844458,37.0
123.6447821016682,245.1876840867223,9.848856282801014,183.13629742340035,183.14176912459067,185.6688641318504,189.3224123033428,259.4250231880832,37.0
81.9037946534993,290.7469156019091,27.96614860811433,185.39091567149035,168.430093743245,223.87753847069365,151.4521539336943,249.4072298634144,37.0
127.1360024510637,235.12436035241367,12.026143330901174,196.6077898537424,158.72270483075366,180.244961878012,104.85081889820216,174.4998027073262,37.0
146.44248105198326,222.8222008560876,185.3240055393472,344.84180182484306,133.73879740841275,186.19914474813712,100.80690796307408,183.9779044880981,37.0
43.9819015803236,50.424281004703126,13.761687883472636,178.5483911411955,38.352812887022445,58.94840559467838,94.10921342237806,187.4875537955183,37.0
140.44482266763086,228.23833825008137,9.841329136051444,202.9913273979015,159.17507249898912,215.8372722667881,164.607216784119,266.1914188429941,37.0
85.88718342352394,288.551597200365,10.075290791256291,168.9022283775386,162.2881020190161,195.97084069695563,79.27293196501141,176.00505280610142,37.0
155.624525471069,212.51657993420213,173.46353277722568,349.44031091286763,137.31866381916697,192.515452471918,98.019510668034,176.3699135742994,37.0
32.82564330795073,34.03000636240568,17.08606716520875,164.2151296301078,66.81900801551492,72.5325307235907,96.53623064690288,187.2877002523316,37.0
179.03063832017787,183.7266723168392,183.76586262086585,340.7661214236462,133.6527551617835,213.6886994632064,103.913504127679,179.94482808523762,37.0
134.4191221657199,229.9892897517727,10.657677137254757,185.0310546447487,167.77017529306846,193.27350894959628,183.5343071677165,266.1459372478694,37.0
150.03010304800563,218.1985023419001,173.71953128284403,329.65136850965746,158.7458697277114,198.45211027987853,96.35288899954122,174.86327055768646,37.0
175.86163653860393,184.42336649513624,20.97012338317806,181.6571995053734,121.43591741965125,220.9414599634173,112.98830074663924,185.79496690451225,37.0
77.66356587052132,266.74088328729005,10.019731727846477,183.4932606452822,186.85383225220207,220.1133247452089,175.34343892951907,253.8092244027041,37.0
32.83735980714987,35.16542386442473,175.96968359186664,345.83559618495764,66.29057632188005,70.90137571753412,87.97326984975268,181.39947902779227,37.0
96.65078040217848,264.2496895645252,10.895100762227331,184.78621562915328,155.88919982009068,181.8200805881777,100.30088582344528,178.1968308540662,37.0
110.65666137332587,244.27188555520507,13.371698189264809,205.1089019014477,183.1293224885292,194.8538530161033,174.8371467373813,269.8486448363545,37.0
34.304784651612934,40.95104804563095,188.5591616069241,345.1715395165131,45.14470223677444,61.62860112921796,85.97449086245085,179.37553844094955,37.0
136.97487489862775,221.1080535978017,177.87983935043013,349.32427122368983,157.17143860490174,191.2689281084768,94.09515497278058,170.7189903312354,37.0
73.26293600567601,283.62911529182134,22.013230328979347,199.9720557375717,170.4651009353659,225.32104274649856,158.91795881120797,256.7570495866401,37.0
45.508070724099234,48.756523323118685,54.35377722523336,155.8366371280962,38.57710960887567,60.4105270184164,159.52199787050938,243.83629981708503,37.0
27.211988667007315,35.501429162869954,44.010928252364415,190.9601002386536,56.65537791140753,76.25839663841826,158.78806289209035,250.83642307482063,37.0
35.11955068048603,42.67324876461095,23.0550752961264,183.94730745469624,59.867826986488296,72.94672651733296,104.83503556817142,178.9091819796491,37.0
30.28713579913241,39.263573654246414,15.796096033619753,165.99760600251872,68.89789681230565,75.38895662981452,88.37757791947914,186.8965671811808,37.0
49.08578730234397,54.350092018743815,13.993280013401648,182.2703815743137,30.55349586371937,41.65344897635741,91.75700956964012,183.72817851581243,37.0
78.37772816303105,289.58633848281164,180.74553401500503,351.06642320415216,145.15955854363585,195.69111034633548,84.29569669382157,170.96556898408036,37.0
67.24597712057734,285.2389794449921,176.3670015500206,341.17820492553,154.29748078523528,216.38706416569968,88.1639743712768,169.5899264224748,37.0
43.14975600134564,45.04713011470754,42.298525262754175,179.33888441794275,50.30464227706706,62.85073330957546,167.45203698136717,226.6101338189719,37.0
38.36751464603386,40.8743116182365,11.316303952132907,193.9128615903096,43.40480205146082,53.93322776344665,167.80900059978867,267.57437604868204,37.0
62.77714676680148,295.1673605060709,17.643369128499724,199.7111662369052,152.72983562965553,223.6629038300344,170.32755187968493,262.5001623128817,37.0
88.04839272453236,274.5244932058123,35.046102156711456,191.78523546356263,173.7825092756776,208.7643433431645,171.771461712088,245.09425466581828,37.0
171.85250608826613,191.7857295651448,25.422759526900983,168.80734368069278,146.464167167332,193.50233351988328,111.89980555108016,179.2556600782965,37.0
30.56802498018859,45.75470056489548,31.370769925621133,184.04108602079583,19.96913828232444,59.86921302404628,171.94505395254032,222.7322871832616,37.0
171.26943101658588,187.9713197956589,45.10046947441759,177.0059504385782,173.58013486272768,181.4926039262424,141.52732367043532,182.08094523138533,37.0
154.23288951948552,210.1026165083956,29.44477306173225,176.26900089172642,176.17663444667576,178.46554742097095,132.67459007241223,180.14282870430532,37.0
127.44830932873386,215.45919588839843,174.41375938064144,293.89630318499684,179.8269746471417,184.71017876504752,124.73088378463896,185.95671557906343,37.0
121.44669130093448,233.28790304612812,8.84245411333677,165.59316422007086,166.13483876119938,178.10993166055712,103.26507304150428,178.81873226937694,37.0
118.56264132988842,229.8518546858344,181.2947757989498,349.320030725381,162.13180712466078,180.3828036898252,102.02516895871187,189.0187556024906,37.0
29.540970853085263,33.61999404146039,13.974997526266186,188.79726109968368,66.44447374046031,72.24049417901529,173.7480281550308,260.5400365119113,37.0
